Rank,,Location,Remodeling Gross Sales 2024,Remodeling Jobs,Gross Revenue 2024,Remodeling Segment Focus,No. of Employees,Qualified Remodeler Link
1,BELFOR Holdings Inc.,"Birmingham, Michigan","$2,489,050,000","318,882","$2,677,470,000",Insurance Restoration,4989,https://www.qualifiedremodeler.com/firm/belfor-holdings-inc/?y=2025
2,Leaf Home,"Hudson, Ohio","$1,767,816,000","345,680","$1,767,816,000",Replacement | Home Improvement,4025,https://www.qualifiedremodeler.com/firm/leaf-home/?y=2025
3,Great Day Improvements LLC,"Twinsburg, Ohio","$1,636,850,640","89,065","$1,636,850,640",Replacement | Home Improvement,4600,https://www.qualifiedremodeler.com/firm/great-day-improvements-llc/?y=2025
4,Power Home Remodeling,"Chester, Pennsylvania","$1,453,882,796","81,595","$1,453,882,796",Full-Service,4087,https://www.qualifiedremodeler.com/firm/power-home-remodeling/?y=2025
5,West Shore Home,"Mechanicsburg, Pennsylvania","$1,222,300,668","76,288","$1,222,300,668",Replacement | Home Improvement,3127,https://www.qualifiedremodeler.com/firm/west-shore-home/?y=2025
6,Groundworks,"Virginia Beach, Virginia","$1,154,774,262","120,344","$1,196,669,149",Replacement | Home Improvement,5506,https://www.qualifiedremodeler.com/firm/groundworks/?y=2025
7,Window World,"North Wilkesboro, North Carolina","$1,149,703,491","155,887","$1,149,703,491",Replacement | Home Improvement,—,https://www.qualifiedremodeler.com/firm/window-world-inc/?y=2025
8,Erie Home,"Toledo, Ohio","$609,124,170","25,000","$609,124,170",Replacement | Home Improvement,1583,https://www.qualifiedremodeler.com/firm/erie-home/?y=2025
9,Infinity Home Services,"Brookfield, Wisconsin","$500,019,000","44,066","$500,019,000",Replacement | Home Improvement,1021,https://www.qualifiedremodeler.com/firm/infinity-home-services/?y=2025
10,Re-Bath,"Phoenix, Arizona","$494,074,272","27,794","$494,074,272",Kitchen & Bath Design Remodeling,129,https://www.qualifiedremodeler.com/firm/re-bath-llc/?y=2025
11,Mad City Windows & Baths,"Madison, Wisconsin","$478,103,862","30,142","$478,103,862",not disclosed by company,1138,https://www.qualifiedremodeler.com/firm/mad-city-windows-baths/?y=2025
12,Window Nation,"Fulton, Maryland","$455,153,807","32,383","$455,153,807",Replacement | Home Improvement,922,https://www.qualifiedremodeler.com/firm/window-nation/?y=2025
13,Renovo Home Partners,"Dallas, Texas","$449,183,000","22,663","$449,183,000",Replacement | Home Improvement,1671,https://www.qualifiedremodeler.com/firm/renovo-home-partners/?y=2025
14,Stronghouse Solutions,"Oak Brook, Illinois","$352,202,000","12,807","$352,202,000",Insurance Restoration,265,https://www.qualifiedremodeler.com/firm/stronghouse-solutions/?y=2025
15,ATI Restoration,"Anaheim, California","$327,417,176","12,129","$648,572,255",Insurance Restoration,2102,https://www.qualifiedremodeler.com/firm/ati-restoration-llc/?y=2025
16,Omnia Exterior Solutions,"Trophy Club, Texas","$312,205,637","15,542","$312,223,596",Replacement | Home Improvement,750,https://www.qualifiedremodeler.com/firm/omnia-exterior-solutions/?y=2025
17,RAFTRx,"Duluth, Georgia","$221,583,220","8,112","$221,583,220",Insurance Restoration,85,https://www.qualifiedremodeler.com/firm/raftrx/?y=2025
18,FHIA Remodeling,"Fort Lauderdale, Florida","$214,235,999","10,303","$214,235,999",not disclosed by company,502,https://www.qualifiedremodeler.com/firm/fhia-holdings-llc/?y=2025
19,Statewide Remodeling,"Grapevine, Texas","$208,285,525","12,453","$208,285,525",not disclosed by company,12453,https://www.qualifiedremodeler.com/firm/statewide-remodeling/?y=2025
20,Florida Window and Door,"Lake Worth, Florida","$180,100,460","5,640","$180,100,460",Replacement | Home Improvement,350,https://www.qualifiedremodeler.com/firm/florida-window-and-door/?y=2025
21,Home Genius Exteriors,"Hyattsville, Maryland","$168,673,629","9,638","$168,673,629",Replacement | Home Improvement,295,https://www.qualifiedremodeler.com/firm/home-genius-exteriors/?y=2025
22,Window Depot USA,"Columbiana, Ohio","$166,813,263","18,535","$166,813,263",Replacement | Home Improvement,392,https://www.qualifiedremodeler.com/firm/window-depot-usa/?y=2025
23,HorsePower Brands,"Omaha, Nebraska","$162,093,494","16,770","$227,643,775",Replacement | Home Improvement,150,https://www.qualifiedremodeler.com/firm/horsepower-brands/?y=2025
24,TSR Concrete Coatings LLC dba Revamp Companies,"Freeport, Illinois","$160,068,015","23,946","$160,068,015",Replacement | Home Improvement,750,https://www.qualifiedremodeler.com/firm/tsr-concrete-coatings-llc-dba-revamp-companies/?y=2025
25,1-800-Hansons LLC,"Troy, Michigan","$155,566,629","13,043","$155,566,629",Replacement | Home Improvement,200,https://www.qualifiedremodeler.com/firm/1-800-hansons-llc/?y=2025
26,P.J. Fitzpatrick LLC,"New Castle, Delaware","$149,830,723","9,723","$149,830,723",Replacement | Home Improvement,577,https://www.qualifiedremodeler.com/firm/pj-fitzpatrick-llc/?y=2025
27,SageHome LLC,"Indianapolis, Indiana","$143,722,342","8,212","$143,722,342",Kitchen & Bath Design Remodeling,289,https://www.qualifiedremodeler.com/firm/sagehome-llc/?y=2025
28,Window World of Baton Rouge LLC,"Baton Rouge, Louisiana","$124,290,670","14,889","$124,290,670",Replacement | Home Improvement,197,https://www.qualifiedremodeler.com/firm/window-world-of-baton-rouge-llc/?y=2025
29,SilverLining Inc.,"New York, New York","$122,292,013",65,"$122,292,013",Full-Service,267,https://www.qualifiedremodeler.com/firm/silverlining-inc/?y=2025
30,Thompson Creek Window Company,"Lanham, Maryland","$118,858,365","8,177","$118,858,365",Replacement | Home Improvement,299,https://www.qualifiedremodeler.com/firm/thompson-creek-window-company/?y=2025
31,WindowRama,"Edgewood, New York","$111,505,000","1,478","$111,505,000",Replacement | Home Improvement,185,https://www.qualifiedremodeler.com/firm/windowrama/?y=2025
32,Express Flooring,"Phoenix, Arizona","$103,736,329","12,204","$103,736,329",Replacement | Home Improvement,100,https://www.qualifiedremodeler.com/firm/express-flooring/?y=2025
33,Windows USA LLC,"Royal, Arkansas","$100,762,227","7,649","$100,762,227",Replacement | Home Improvement,263,https://www.qualifiedremodeler.com/firm/windows-usa-llc/?y=2025
34,Refloor LLC,"Troy, Michigan","$95,422,602","11,451","$95,422,602",Replacement | Home Improvement,352,https://www.qualifiedremodeler.com/firm/refloor/?y=2025
35,Comfort Windows Co Inc.,"Syracuse, New York","$93,799,218","7,586","$94,999,700",Replacement | Home Improvement,405,https://www.qualifiedremodeler.com/firm/comfort-window-co-inc-comfort-windows-doors/?y=2025
36,Archadeck Outdoor Living,"Glen Allen, Virginia","$93,006,701","2,066","$90,651,965",Replacement | Home Improvement,220,https://www.qualifiedremodeler.com/firm/archadeck-outdoor-living/?y=2025
37,RF Installations LLC,"Grand Prairie, Texas","$91,484,109","196,391","$91,484,109",Replacement | Home Improvement,108,https://www.qualifiedremodeler.com/firm/rf-installations-llc/?y=2025
38,Lifetime Home Remodeling,"Denver, Colorado","$90,390,897","3,302","$90,426,960",Replacement | Home Improvement,277,https://www.qualifiedremodeler.com/firm/lifetime-windows-and-siding/?y=2025
39,Premier Home Pros,"Akron, Ohio","$85,808,406","5,258","$85,808,406",Replacement | Home Improvement,110,https://www.qualifiedremodeler.com/firm/premier-home-pros/?y=2025
40,Performance Windows,"Pleasant Grove, Utah","$82,229,041","3,407","$82,229,041",Replacement | Home Improvement,195,https://www.qualifiedremodeler.com/firm/performance-windows/?y=2025
41,Reece Windows & Doors,"St.Petersburg, Florida","$82,127,961","3,592","$82,127,961",Replacement | Home Improvement,150,https://www.qualifiedremodeler.com/firm/reece-windows-and-doors/?y=2025
42,Victory Home Remodeling,"Holmdel, New Jersey","$80,592,000","3,400","$80,592,000",Replacement | Home Improvement,257,https://www.qualifiedremodeler.com/firm/victory-home-remodeling/?y=2025
43,Matrix Home Solutions,"Arlington Heights, Illinois","$80,000,091","1,601","$80,000,091",Design-Build,190,https://www.qualifiedremodeler.com/firm/matrix-home-solutions/?y=2025
44,Ecoview America LLC,"Bay Minette, Alabama","$78,872,380","10,955","$78,872,380",Replacement | Home Improvement,384,https://www.qualifiedremodeler.com/firm/ecoview-america-llc/?y=2025
45,ABC Seamless Corporate,"Lincoln, Nebraska","$77,154,906","7,564","$79,791,617",Replacement | Home Improvement,2500,https://www.qualifiedremodeler.com/firm/abc-seamless-corporate/?y=2025
46,Weatherguard Roofing LLC,"Charlotte, North Carolina","$76,970,961","3,188","$76,970,961",Insurance Restoration,335,https://www.qualifiedremodeler.com/firm/weatherguard-roofing/?y=2025
47,"Window World of Huntsville / Shoals, Window World of North Atlanta, Window World of Central Alabama","Kennesaw, Georgia","$71,090,982","8,832","$71,090,982",Replacement | Home Improvement,118,https://www.qualifiedremodeler.com/firm/window-world-of-huntsville-shoals-window-world-of-north-atlanta-window-world-of-central-alabama/?y=2025
48,Homefix,"Laurel, Maryland","$68,976,887","2,264","$68,976,887",Replacement | Home Improvement,325,https://www.qualifiedremodeler.com/firm/homefix-custom-remodeling/?y=2025
49,Capital Construction,"Canton, Massachusetts","$67,287,935","2,591","$67,287,935",Replacement | Home Improvement,131,https://www.qualifiedremodeler.com/firm/capital-construction/?y=2025
50,Midtown Home Improvements,"Wentzville, Missouri","$63,731,835","2,896","$63,731,835",Full-Service,238,https://www.qualifiedremodeler.com/firm/midtown-home-improvements/?y=2025
51,MLM Home Improvement,"Gaithersburg, Maryland","$60,959,967","4,517","$60,959,967",Replacement | Home Improvement,220,https://www.qualifiedremodeler.com/firm/mlm-home-improvement/?y=2025
52,Airoom LLC,"Lincolnwood, Illinois","$60,150,000",192,"$60,150,000",Design-Build,90,https://www.qualifiedremodeler.com/firm/the-airoom-companies/?y=2025
53,DreamMaker Bath & Kitchen,"Waco, Texas","$59,316,458","1,232","$59,316,458",Kitchen & Bath Design Remodeling,22,https://www.qualifiedremodeler.com/firm/dreammaker-bath-and-kitchen/?y=2025
54,WinChoice USA,"Mountain Pine, Arkansas","$59,064,561","4,162","$59,064,561",Replacement | Home Improvement,250,https://www.qualifiedremodeler.com/firm/winchoice-usa/?y=2025
55,American Vision Windows Inc.,"Simi Valley, California","$58,483,384","3,923","$58,734,757",Replacement | Home Improvement,218,https://www.qualifiedremodeler.com/firm/american-vision-windows-inc/?y=2025
56,Zintex LLC,"Lewisville, Texas","$57,971,942","3,798","$57,971,942",Replacement | Home Improvement,256,https://www.qualifiedremodeler.com/firm/zintex-remodeling-group/?y=2025
57,Weather Tite Windows,"Tampa, Florida","$55,763,357","1,922","$55,763,357",Replacement | Home Improvement,55,https://www.qualifiedremodeler.com/firm/weather-tite-windows/?y=2025
58,BOWA,"McLean, Virginia","$53,016,196",51,"$53,016,196",Full-Service,82,https://www.qualifiedremodeler.com/firm/bowa/?y=2025
59,"Castle, The Window People","Mount Laurel, New Jersey","$52,983,064","5,351","$52,983,064",Replacement | Home Improvement,390,https://www.qualifiedremodeler.com/firm/castle-the-window-people/?y=2025
60,Stellar Roofing Inc.,"Rochester, New York","$50,803,179","2,701","$50,803,179",Replacement | Home Improvement,110,https://www.qualifiedremodeler.com/firm/stellar-roofing-inc/?y=2025
61,American Home Design,"Goodlettsville, Tennessee","$48,533,036","3,010","$48,533,036",Replacement | Home Improvement,170,https://www.qualifiedremodeler.com/firm/american-home-design-inc/?y=2025
62,Case Design/Remodeling Inc.,"Bethesda, Maryland","$43,568,734",809,"$43,568,734",Design-Build,133,https://www.qualifiedremodeler.com/firm/case-design-remodeling-inc/?y=2025
63,Rome Bath Remodeling,"Forty Fort, Pennsylvania","$43,296,676","2,789","$43,296,676",Replacement | Home Improvement,144,https://www.qualifiedremodeler.com/firm/rome-bath-remodeling/?y=2025
64,Bath Experts,"Indianapolis, Indiana","$43,125,014","2,527","$43,125,014",Kitchen & Bath Design Remodeling,150,https://www.qualifiedremodeler.com/firm/bath-experts/?y=2025
65,Lindus Construction,"Baldwin, Wisconsin","$42,060,135","3,786","$42,060,135",Full-Service,129,https://www.qualifiedremodeler.com/firm/lindus-construction/?y=2025
66,BILT Exteriors,"Spring Lake Park, Minnesota","$41,378,190","1,227","$41,378,190",Replacement | Home Improvement,26,https://www.qualifiedremodeler.com/firm/bilt-exteriors/?y=2025
67,Presidential Exteriors,"Rockville, Maryland","$40,652,356","2,830","$40,652,356",Replacement | Home Improvement,185,https://www.qualifiedremodeler.com/firm/presidential-exteriors/?y=2025
68,Design Pro Remodeling,"Fairfax, Virginia","$40,600,279","2,088","$40,600,279",Full-Service,62,https://www.qualifiedremodeler.com/firm/design-pro-remodeling/?y=2025
69,White Oaks Aligned LLC,"Hoboken, New Jersey","$38,908,864","1,432","$38,908,864",Full-Service,60,https://www.qualifiedremodeler.com/firm/white-oaks-aligned-llc/?y=2025
70,Allied Remodeling of Central Maryland,"Towson, Maryland","$38,227,600","3,765","$38,227,600",Replacement | Home Improvement,30,https://www.qualifiedremodeler.com/firm/allied-remodeling-of-central-maryland/?y=2025
71,Greater Dayton Construction,"Dayton, Ohio","$38,029,440",729,"$46,018,774",Full-Service,71,https://www.qualifiedremodeler.com/firm/greater-dayton-construction/?y=2025
72,Neil Kelly Company,"Portland, Oregon","$37,299,662",839,"$43,419,329",Design-Build,164,https://www.qualifiedremodeler.com/firm/neil-kelly-company/?y=2025
73,Window World of St. Louis Inc.,"Earth City, Missouri","$37,065,757","6,089","$37,065,757",Replacement | Home Improvement,48,https://www.qualifiedremodeler.com/firm/window-world-of-st-louis/?y=2025
74,CAT Exteriors Inc.,"Sacramento, California","$36,025,558","1,807","$36,025,558",Replacement | Home Improvement,35,https://www.qualifiedremodeler.com/firm/cat-exteriors-inc/?y=2025
75,American Water Damage,"Arlington, Texas","$35,886,697","6,283","$68,787,455",Insurance Restoration,250,https://www.qualifiedremodeler.com/firm/american-water-damage/?y=2025
76,Normandy Remodeling,"Hinsdale, Illinois","$35,884,593",176,"$35,884,593",Design-Build,78,https://www.qualifiedremodeler.com/firm/normandy-remodeling/?y=2025
77,Pacific Exteriors LLC,"Lake Forest Park, Washington","$35,479,644","1,266","$35,479,644",Replacement | Home Improvement,55,https://www.qualifiedremodeler.com/firm/pacific-exteriors-llc/?y=2025
78,WeatherGard Window Co. Inc.,"Farmington, Michigan","$35,359,284","3,200","$35,359,284",Replacement | Home Improvement,150,https://www.qualifiedremodeler.com/firm/weathergard-window-co-inc/?y=2025
79,Statewide Windows & Doors,"Boca Raton, Florida","$35,239,260","1,372","$35,239,260",Replacement | Home Improvement,80,https://www.qualifiedremodeler.com/firm/statewide-windows-doors/?y=2025
80,G. Fedale,"Newport, Delaware","$34,825,010","2,699","$34,825,010",Replacement | Home Improvement,80,https://www.qualifiedremodeler.com/firm/g-fedale/?y=2025
81,NEXT Door and Window,"Burr Ridge, Illinois","$34,566,741","1,736","$34,566,741",Replacement | Home Improvement,114,https://www.qualifiedremodeler.com/firm/next-door-window/?y=2025
82,American Home Tech,"Florence, Kentucky","$33,892,279","3,502","$33,892,279",Replacement | Home Improvement,110,https://www.qualifiedremodeler.com/firm/american-home-tech/?y=2025
83,Direct Remodels LLC,"St. Petersburg, Florida","$33,658,464","2,070","$33,658,464",Replacement | Home Improvement,75,https://www.qualifiedremodeler.com/firm/direct-remodels/?y=2025
84,Ashco Exteriors,"Spring Lake Park, Minnesota","$33,107,556","1,031","$33,107,556",Replacement | Home Improvement,25,https://www.qualifiedremodeler.com/firm/ashco-exteriors-inc/?y=2025
85,Design Works,"Sarasota, Florida","$33,015,248",915,"$33,015,248",Full-Service,100,https://www.qualifiedremodeler.com/firm/design-works/?y=2025
86,Handyman Connection,"Blue Ash, Ohio","$32,903,323","32,167","$32,903,323",Full-Service,11,https://www.qualifiedremodeler.com/firm/handyman-connection/?y=2025
87,Priceless Home Improvements,"White Plains, Maryland","$32,857,338","1,288","$32,857,338",Insurance Restoration,27,https://www.qualifiedremodeler.com/firm/priceless-home-improvements-llc/?y=2025
88,Tailored Roofing and Remodeling Inc.,"Wichita, Kansas","$32,525,760","1,833","$32,525,760",Replacement | Home Improvement,130,https://www.qualifiedremodeler.com/firm/tailored-roofing-and-remodeling-inc/?y=2025
89,Quality Craftsmen LLC,"Marietta, Georgia","$32,260,744","1,937","$32,260,744",Kitchen & Bath Design Remodeling,77,https://www.qualifiedremodeler.com/firm/quality-craftsmen/?y=2025
90,MKD Kitchen and Bath,"Marshall, Michigan","$32,243,652","6,353","$32,243,652",Kitchen & Bath Design Remodeling,163,https://www.qualifiedremodeler.com/firm/mkd-kitchen-and-bath/?y=2025
91,Shark Coatings,"Jacksonville, Florida","$30,361,937","5,733","$30,361,937",Replacement | Home Improvement,130,https://www.qualifiedremodeler.com/firm/shark-coatings/?y=2025
92,JB West,"Michigan City, Indiana","$29,656,848","2,051","$30,978,345",Replacement | Home Improvement,53,https://www.qualifiedremodeler.com/firm/jb-west/?y=2025
93,McCoy Roofing LLC,"Omaha, Nebraska","$28,983,977","1,445","$28,983,977",Insurance Restoration,7,https://www.qualifiedremodeler.com/firm/mccoy-roofing-llc/?y=2025
94,Select Home Improvements,"Anaheim, California","$27,964,511","1,553","$27,964,511",Replacement | Home Improvement,50,https://www.qualifiedremodeler.com/firm/select-home-improvements/?y=2025
95,Eldridge Roofing & Restoration Inc.,"Spring, Texas","$27,611,749",999,"$27,611,749",Replacement | Home Improvement,72,https://www.qualifiedremodeler.com/firm/eldridge-roofing-and-restoration-inc/?y=2025
96,Dream Home Roofers,"Turnersville, New Jersey","$27,527,450","1,370","$27,527,450",Replacement | Home Improvement,100,https://www.qualifiedremodeler.com/firm/dream-home-roofers/?y=2025
97,DFW Improved,"Plano, Texas","$27,225,038",505,"$27,225,038",Design-Build,37,https://www.qualifiedremodeler.com/firm/dfw-improved/?y=2025
98,Mosby Building Arts,"St. Louis, Missouri","$26,964,601",445,"$26,964,601",Full-Service,140,https://www.qualifiedremodeler.com/firm/mosby-building-arts/?y=2025
99,Paradise Exteriors LLC,"Boynton Beach, Florida","$26,923,612","1,457","$26,923,612",Replacement | Home Improvement,40,https://www.qualifiedremodeler.com/firm/paradise-exteriors-llc/?y=2025
100,Elevated Remodeling LLC,"Newark, Delaware","$26,872,821","1,537","$26,872,821",Replacement | Home Improvement,250,https://www.qualifiedremodeler.com/firm/elevated-remodeling-llc/?y=2025
101,Re-Bath of New England,"Greenville, Rhode Island","$26,684,126","1,243","$26,684,126",Replacement | Home Improvement,84,https://www.qualifiedremodeler.com/firm/re-bath-of-new-england-2/?y=2025
102,"EFM Interests (dba Re-Bath Houston, S. Louisiana, Central/East Texas)","Houston, Texas","$26,184,391","1,236","$26,184,391",Kitchen & Bath Design Remodeling,134,https://www.qualifiedremodeler.com/firm/efm-interests-re-bath-houston-east-texas-and-southern-louisiana/?y=2025
103,Green Star Exteriors,"Holmes, PA, Pennsylvania","$26,178,509","1,805","$26,178,509",Replacement | Home Improvement,136,https://www.qualifiedremodeler.com/firm/green-star-exteriors/?y=2025
104,Attic Projects LLC,"San Diego, California","$26,158,287","2,747","$26,158,287",Replacement | Home Improvement,171,https://www.qualifiedremodeler.com/firm/attic-projects-llc/?y=2025
105,Brothers Services Company,"Hampstead, Maryland","$26,016,812","2,338","$26,016,812",Replacement | Home Improvement,118,https://www.qualifiedremodeler.com/firm/brothers-services-company/?y=2025
106,Northwest Exteriors Inc.,"Rancho Corodva, California","$25,710,807","2,007","$25,710,807",Replacement | Home Improvement,125,https://www.qualifiedremodeler.com/firm/northwest-exteriors-inc/?y=2025
107,Pro Restoration LLC,"Machesney Park, Illinois","$25,259,422",918,"$25,259,422",Insurance Restoration,68,https://www.qualifiedremodeler.com/firm/pro-restoration-llc/?y=2025
108,F. H. Perry Builder,"Hopkinton, Massachusetts","$25,216,957",50,"$25,216,957",Full-Service,26,https://www.qualifiedremodeler.com/firm/fh-perry-builder/?y=2025
109,Gilkey Windows,"Cincinnati, Ohio","$24,828,039","1,822","$26,128,463",Replacement | Home Improvement,150,https://www.qualifiedremodeler.com/firm/the-gilkey-window-company/?y=2025
110,Makabad Corp dba ADH Group,"Corona, New York","$24,736,428","1,216","$24,736,428",Replacement | Home Improvement,83,https://www.qualifiedremodeler.com/firm/makabad-corp/?y=2025
111,Apex General Contracting,"South Beloit, Illinois","$24,650,458",620,"$24,650,458",Insurance Restoration,40,https://www.qualifiedremodeler.com/firm/apex-general-contracting/?y=2025
112,K & P Remodeling Inc.,"Knoxville, Tennessee","$24,621,854","1,407","$24,621,854",Replacement | Home Improvement,82,https://www.qualifiedremodeler.com/firm/k-p-remodeling-inc/?y=2025
113,F & S Building Innovations Inc.,"Roanoke, Virginia","$24,184,956",600,"$25,540,215",Full-Service,74,https://www.qualifiedremodeler.com/firm/f-and-s-building-innovations-inc/?y=2025
114,T&S Roofing Systems,"Miami, Florida","$23,984,494","1,217","$23,984,494",Replacement | Home Improvement,75,https://www.qualifiedremodeler.com/firm/tands-roofing-systems/?y=2025
115,Window world of Phoenix LLC,"Phoenix, Arizona","$23,902,020","2,953","$23,902,020",Replacement | Home Improvement,7,https://www.qualifiedremodeler.com/firm/window-world-of-phoenix-llc/?y=2025
116,Southern National Roofing,"Charlotte, North Carolina","$23,714,622","1,058","$23,714,622",Replacement | Home Improvement,125,https://www.qualifiedremodeler.com/firm/southern-national/?y=2025
117,Frontier Foundation & Crawl Space Repair,"Joelton, Tennessee","$23,566,203","2,642","$23,566,203",Replacement | Home Improvement,111,https://www.qualifiedremodeler.com/firm/frontier-basement-systems/?y=2025
118,Centurion Exteriors,"Fort Wayne, Indiana","$23,468,024","1,359","$23,468,024",Replacement | Home Improvement,38,https://www.qualifiedremodeler.com/firm/centurion-exteriors/?y=2025
119,"S & K Roofing, Siding and Windows Inc.","Eldersburg, Maryland","$23,426,699","3,403","$26,133,577",Replacement | Home Improvement,32,https://www.qualifiedremodeler.com/firm/s-and-k-roofing-siding-and-windows-inc/?y=2025
120,American Design and Build,"Bel Air, Maryland","$23,412,178",760,"$23,412,178",Replacement | Home Improvement,94,https://www.qualifiedremodeler.com/firm/american-design-and-build-ltd/?y=2025
121,Durante Home Exteriors,"Trussville, Alabama","$23,267,774","1,180","$23,267,774",Replacement | Home Improvement,—,https://www.qualifiedremodeler.com/firm/durante-home-exteriors/?y=2025
122,ProEdge Remodeling,"Warwick, Rhode Island","$23,238,771","2,011","$23,238,771",Replacement | Home Improvement,108,https://www.qualifiedremodeler.com/firm/proedge-remodeling/?y=2025
123,White Aluminum and Windows,"Leesburg, Florida","$23,066,624","4,800","$23,066,624",Replacement | Home Improvement,98,https://www.qualifiedremodeler.com/firm/white-aluminum-and-windows-llc/?y=2025
124,Disaster Restoration Services of Greater Pittsburgh Inc.,"Trafford, Pennsylvania","$22,448,376",48,"$24,165,923",Insurance Restoration,96,https://www.qualifiedremodeler.com/firm/disaster-restoration-services-of-greater-pittsburgh-inc/?y=2025
125,Window World of Western Massachusetts,"Belchertown, Massachusetts","$22,355,574","2,007","$22,355,574",Replacement | Home Improvement,78,https://www.qualifiedremodeler.com/firm/window-world-of-western-massachusetts/?y=2025
126,Lakeside Renovation and Design,"Chesterifled, Missouri","$22,269,532",326,"$22,269,532",Full-Service,105,https://www.qualifiedremodeler.com/firm/lakeside-renovation-and-design/?y=2025
127,Harth Builders,"Lower Gwynedd, Pennsylvania","$21,700,898",190,"$26,456,483",Design-Build,83,https://www.qualifiedremodeler.com/firm/harth-builders/?y=2025
128,Jackson Design and Remodeling,"San Diego, California","$21,117,099",48,"$21,117,099",Design-Build,48,https://www.qualifiedremodeler.com/firm/jackson-design-and-remodeling/?y=2025
129,Sea Pointe Design & Remodel,"Irvine, California","$21,093,075",90,"$21,152,420",Design-Build,66,https://www.qualifiedremodeler.com/firm/sea-pointe-construction/?y=2025
130,HartmanBaldwin Design/Build,"Claremont, California","$21,036,733",11,"$26,116,827",Design-Build,39,https://www.qualifiedremodeler.com/firm/hartmanbaldwin-design-build/?y=2025
131,The Third Estimate Corporation,"Solon, Ohio","$20,784,010",983,"$20,784,010",Replacement | Home Improvement,47,https://www.qualifiedremodeler.com/firm/the-third-estimate-2/?y=2025
132,Prince William Home Improvement,"Woodbridge, Virginia","$20,759,323",542,"$20,759,323",Replacement | Home Improvement,82,https://www.qualifiedremodeler.com/firm/prince-william-home-improvement/?y=2025
133,Revive Design and Renovation,"Tampa, Florida","$20,614,665",183,"$20,614,665",Design-Build,45,https://www.qualifiedremodeler.com/firm/revive-kitchen-and-bath/?y=2025
134,Results Contracting,"Coon Rapids, Minnesota","$20,424,458",799,"$20,424,458",Insurance Restoration,70,https://www.qualifiedremodeler.com/firm/results-contracting/?y=2025
135,Marrokal Design and Remodeling LLC,"San Diego, California","$20,342,070",58,"$24,812,922",Design-Build,40,https://www.qualifiedremodeler.com/firm/marrokal-design-remodeling/?y=2025
136,Southern Premier Roofing,"Raleigh, North Carolina","$19,936,582",797,"$19,936,582",Insurance Restoration,50,https://www.qualifiedremodeler.com/firm/southern-premier-roofing/?y=2025
137,Shugarman's Bath,"San Diego, California","$19,920,290","1,343","$19,920,290",Kitchen & Bath Design Remodeling,70,https://www.qualifiedremodeler.com/firm/shugarmans-bath/?y=2025
138,Cobex Construction Group,"Roseville, California","$19,899,666",910,"$19,899,666",Replacement | Home Improvement,65,https://www.qualifiedremodeler.com/firm/cobex-construction-group/?y=2025
139,Allen Construction,"Santa Barbara, California","$19,648,328",51,"$35,812,906",Full-Service,62,https://www.qualifiedremodeler.com/firm/allen-construction/?y=2025
140,Landis Architects | Builders,"Washington, District of Columbia","$19,592,854",43,"$19,592,854",Design-Build,63,https://www.qualifiedremodeler.com/firm/landis-architects-builders/?y=2025
141,Home Renew 360,"Long Beach, California","$19,425,576",514,"$19,425,576",Full-Service,14,https://www.qualifiedremodeler.com/firm/home-renew-360/?y=2025
142,Brothers Home Improvement Inc.,"Rocklin, California","$19,180,516","1,921","$19,180,516",Replacement | Home Improvement,87,https://www.qualifiedremodeler.com/firm/brothers-home-improvement-inc/?y=2025
143,Exovations,"Cumming, Georgia","$19,067,550",621,"$19,067,550",Replacement | Home Improvement,48,https://www.qualifiedremodeler.com/firm/exovations-2/?y=2025
144,Proper Roofing & Remodeling LLC,"Houston, Texas","$19,017,600","1,228","$19,017,600",Replacement | Home Improvement,85,https://www.qualifiedremodeler.com/firm/proper-roofing-remodeling-llc/?y=2025
145,BACK Construction Inc.,"Lexington, Kentucky","$18,876,251",939,"$18,876,251",Full-Service,65,https://www.qualifiedremodeler.com/firm/back-construction-co-inc/?y=2025
146,Kowalski Construction Inc.,"Phoenix, Arizona","$18,776,192",137,"$26,823,132",Insurance Restoration,130,https://www.qualifiedremodeler.com/firm/kowalski-construction-inc/?y=2025
147,Asher Enterprises Inc. d/b/a Asher Lasting Exteriors,"Eau Claire, Wisconsin","$18,730,708","1,426","$18,731,498",Replacement | Home Improvement,63,https://www.qualifiedremodeler.com/firm/asher-lasting-exteriors/?y=2025
148,Repairs Unlimited,"Lenexa, Kansas","$18,662,927","1,235","$18,662,927",Insurance Restoration,35,https://www.qualifiedremodeler.com/firm/repairs-unlimited/?y=2025
149,Absolute Aluminum,"Venice, Florida","$18,458,580",827,"$18,458,580",Replacement | Home Improvement,102,https://www.qualifiedremodeler.com/firm/absolute-aluminum/?y=2025
150,Maverick Windows,"Addison, Texas","$18,386,521","1,176","$18,386,521",Replacement | Home Improvement,64,https://www.qualifiedremodeler.com/firm/maverick-windows/?y=2025
151,Baths R Us,"Medina, Ohio","$18,029,148","1,164","$18,029,148",Replacement | Home Improvement,80,https://www.qualifiedremodeler.com/firm/baths-r-us/?y=2025
152,Franzoso Contracting,"Croton on Hudson, New York","$17,659,921","1,495","$17,659,921",Replacement | Home Improvement,34,https://www.qualifiedremodeler.com/firm/franzoso-contracting-inc/?y=2025
153,Carolina Home Remodeling,"Charlotte, North Carolina","$17,446,784","1,195","$17,446,784",Replacement | Home Improvement,40,https://www.qualifiedremodeler.com/firm/carolina-home-remodeling/?y=2025
154,Bay State Bath,"Pembroke, Massachusetts","$17,306,728",973,"$17,306,728",Replacement | Home Improvement,48,https://www.qualifiedremodeler.com/firm/bay-state-bath/?y=2025
155,Croom Construction Company,"Vero Beach, Florida","$17,216,824",32,"$60,682,100",Full-Service,98,https://www.qualifiedremodeler.com/firm/croom-construction-company/?y=2025
156,Sunbelt Home Solutions,"St. Petersburg, Florida","$17,029,773",712,"$17,029,773",Replacement | Home Improvement,70,https://www.qualifiedremodeler.com/firm/sunbelt-home-solutions-inc/?y=2025
157,Hometown Restyling,"Hiawatha, Iowa","$17,028,279",723,"$17,028,279",Full-Service,70,https://www.qualifiedremodeler.com/firm/hometown-restyling/?y=2025
158,People Come First Construction Group,"Kent, Washington","$16,866,464",928,"$16,866,464",Replacement | Home Improvement,71,https://www.qualifiedremodeler.com/firm/people-come-first-construction-group/?y=2025
159,Bennett Contracting LLC,"Albany, New York","$16,744,011",663,"$16,744,011",Full-Service,75,https://www.qualifiedremodeler.com/firm/bennett-contracting-2llc/?y=2025
160,American Remodeling Enterprises Inc.,"Schuylkill Haven, Pennsylvania","$16,595,720","1,008","$16,595,720",Replacement | Home Improvement,60,https://www.qualifiedremodeler.com/firm/american-remodeling-enterprises-inc/?y=2025
161,Kroll Construction,"Garden City, Michigan","$16,403,823",720,"$16,403,823",Full-Service,35,https://www.qualifiedremodeler.com/firm/kroll-construction/?y=2025
162,Harrell Design + Build,"Mountain View, California","$16,273,616",85,"$16,380,575",Design-Build,51,https://www.qualifiedremodeler.com/firm/harrell-remodeling-inc/?y=2025
163,Express Bath,"Decatur, Alabama","$16,268,184","1,197","$16,268,184",Replacement | Home Improvement,56,https://www.qualifiedremodeler.com/firm/express-bath/?y=2025
164,Built Right Roofing & Construction,"Rapid City, South Dakota","$16,192,901",533,"$16,192,901",Insurance Restoration,30,https://www.qualifiedremodeler.com/firm/built-right-roofing-construction/?y=2025
165,Sun Design Remodeling Specialists Inc.,"Clifton, Virginia","$16,085,396",43,"$16,085,396",Design-Build,63,https://www.qualifiedremodeler.com/firm/sun-design/?y=2025
166,RIHI The Home Improvement Specialist,"Warwick, Rhode Island","$15,944,167",847,"$15,944,167",Replacement | Home Improvement,62,https://www.qualifiedremodeler.com/firm/rhode-island-home-improvement-inc-rihi/?y=2025
167,Dave Fox Remodeling Inc.,"Columbus, Ohio","$15,869,480",92,"$15,869,480",Full-Service,72,https://www.qualifiedremodeler.com/firm/dave-fox-remodeling-inc/?y=2025
168,Dexter Builders Inc.,"Chelsea, Michigan","$15,685,073",787,"$15,685,073",Design-Build,83,https://www.qualifiedremodeler.com/firm/dexter-builders-inc/?y=2025
169,Jacob Family Enterprises Inc.,"Fairview Heights, Illinois","$15,479,229","2,241","$15,479,229",Replacement | Home Improvement,37,https://www.qualifiedremodeler.com/firm/jacob-family-enterprises-inc/?y=2025
170,Kurtis Kitchen and Bath,"Livonia, Michigan","$15,404,826",676,"$15,404,826",Kitchen & Bath Design Remodeling,70,https://www.qualifiedremodeler.com/firm/kurtis-kitchen-bath/?y=2025
171,CQC Home,"Durham, North Carolina","$15,356,068",120,"$15,356,068",Design-Build,32,https://www.qualifiedremodeler.com/firm/cqc-home/?y=2025
172,Grapevine Pro,"Iselin, New Jersey","$14,966,348",916,"$14,966,348",Replacement | Home Improvement,41,https://www.qualifiedremodeler.com/firm/grapevine-pro/?y=2025
173,Kris Konstruction,"Baldwin, Maryland","$14,640,579",784,"$20,317,348",Replacement | Home Improvement,90,https://www.qualifiedremodeler.com/firm/kris-konstruction/?y=2025
174,Metropolitan Bath and Tile Inc.,"Upper Marlboro, Maryland","$14,438,694",597,"$14,438,694",Kitchen & Bath Design Remodeling,92,https://www.qualifiedremodeler.com/firm/metropolitan-bath-and-tile-inc/?y=2025
175,Pace Windows & Door Corp.,"Victor, New York","$14,316,846","3,652","$14,316,846",Replacement | Home Improvement,105,https://www.qualifiedremodeler.com/firm/pace-windows-door-corp/?y=2025
176,"Freedom Roofing, Windows and Siding LLC","Woodville, Ohio","$14,095,043","1,513","$14,095,043",Replacement | Home Improvement,27,https://www.qualifiedremodeler.com/firm/freedom-roofing-windows-and-siding-llc/?y=2025
177,Advanced Window Systems LLC,"Cromwell, Connecticut","$14,023,531","1,144","$14,023,531",Replacement | Home Improvement,39,https://www.qualifiedremodeler.com/firm/advanced-window-systems-llc/?y=2025
178,ABC Seamless of Bismarck and Fargo,"Fargo, North Dakota","$13,756,157",575,"$13,756,157",Replacement | Home Improvement,57,https://www.qualifiedremodeler.com/firm/abc-seamless-of-bismarck-and-fargo/?y=2025
179,Approved Contractor Inc.,"Canoga Park, California","$13,748,072",364,"$13,748,072",Replacement | Home Improvement,47,https://www.qualifiedremodeler.com/firm/approved-contractor-inc/?y=2025
180,RGS Exterirors | Rain Gutter Specialties,"West Jordan, Utah","$13,716,524",980,"$13,716,524",Replacement | Home Improvement,100,https://www.qualifiedremodeler.com/firm/rgs-exteriors-ie-rain-gutter-specialties/?y=2025
181,Murphy Bros. Design Build Remodel,"Blaine, Minnesota","$13,628,196",92,"$15,261,740",Design-Build,54,https://www.qualifiedremodeler.com/firm/murphy-bros-design-build-remodel/?y=2025
182,Blackdog Builders Inc.,"Salem, New Hampshire","$13,571,580",203,"$15,673,866",Design-Build,66,https://www.qualifiedremodeler.com/firm/blackdog-builders-inc/?y=2025
183,River Valley Remodelers,"West Salem, Wisconsin","$13,540,396",751,"$13,940,396",Replacement | Home Improvement,66,https://www.qualifiedremodeler.com/firm/river-valley-remodelers/?y=2025
184,Modern Remodeling Inc.,"Manassas, Virginia","$13,449,208",701,"$13,449,208",Insurance Restoration,44,https://www.qualifiedremodeler.com/firm/modern-remodeling-inc/?y=2025
185,The Board Store Home Improvements Inc.,"La Crosse, Wisconsin","$13,273,746","1,226","$13,273,746",Replacement | Home Improvement,77,https://www.qualifiedremodeler.com/firm/the-board-store-home-improvements-inc/?y=2025
186,Alan Shintani Inc.,"Waipahu, Hawaii","$13,239,574",12,"$32,260,000",Full-Service,67,https://www.qualifiedremodeler.com/firm/alan-shintani-inc/?y=2025
187,Luxury Bath NJPA,"Hamilton, New Jersey","$13,214,612",787,"$13,214,612",Replacement | Home Improvement,45,https://www.qualifiedremodeler.com/firm/luxury-bath-njpa/?y=2025
188,Agape Construction,"Kirkwood, Missouri","$13,186,738",76,"$14,189,772",Design-Build,55,https://www.qualifiedremodeler.com/firm/agape-construction-co-inc/?y=2025
189,Jericho Home Improvements,"Kansas City, Kansas","$13,089,572",333,"$13,089,572",Kitchen & Bath Design Remodeling,55,https://www.qualifiedremodeler.com/firm/jericho-home-improvements/?y=2025
190,Cipriani Remodeling Solutions,"Mount Laurel, New Jersey","$12,984,272",60,"$12,984,270",Design-Build,36,https://www.qualifiedremodeler.com/firm/cipriani-remodeling-solutions/?y=2025
191,Coastal Windows & Exteriors,"Beverly, Massachusetts","$12,834,233",544,"$12,834,233",Replacement | Home Improvement,35,https://www.qualifiedremodeler.com/firm/coastal-windows-exteriors/?y=2025
192,Keeney Home Services,"Neenah, Wisconsin","$12,765,589","1,067","$12,765,589",Replacement | Home Improvement,48,https://www.qualifiedremodeler.com/firm/keeney-home-services/?y=2025
193,Five Star Improvements Inc.,"Rochester, New York","$12,651,042",543,"$12,651,042",Replacement | Home Improvement,94,https://www.qualifiedremodeler.com/firm/five-star-improvements-inc/?y=2025
194,Top Home Improvements,"Ada, Michigan","$12,647,582",665,"$12,647,582",Replacement | Home Improvement,49,https://www.qualifiedremodeler.com/firm/top-home-improvements/?y=2025
195,Kirkplan Kitchens,"Sarasota, Florida","$12,564,528",428,"$12,564,528",Kitchen & Bath Design Remodeling,45,https://www.qualifiedremodeler.com/firm/kirkplan-kitchens/?y=2025
196,Midwest Construction & Supply Inc.,"Mason City, Iowa","$12,487,147",598,"$12,487,147",Replacement | Home Improvement,30,https://www.qualifiedremodeler.com/firm/midwest-construction-and-supply-inc/?y=2025
197,Abby Home,"Waukesha, Wisconsin","$12,467,486",525,"$12,467,486",Replacement | Home Improvement,35,https://www.qualifiedremodeler.com/firm/abby-windows-and-exteriors/?y=2025
198,RJW Exteriors,"Lake Hopatcong, New Jersey","$12,377,543",505,"$12,377,543",Replacement | Home Improvement,19,https://www.qualifiedremodeler.com/firm/rjw-exteriors/?y=2025
199,Rose Remodeling,"Elk Grove, California","$12,376,125",622,"$12,376,125",Replacement | Home Improvement,42,https://www.qualifiedremodeler.com/firm/rose-remodeling/?y=2025
200,"Bellwether Windows, Siding & Doors","Denver, Colorado","$12,368,040",248,"$12,368,040",Replacement | Home Improvement,10,https://www.qualifiedremodeler.com/firm/bellwether/?y=2025
201,Build HD LLC dba HD Exteriors,"Manassas, Virginia","$12,267,989",395,"$12,267,989",Replacement | Home Improvement,36,https://www.qualifiedremodeler.com/firm/build-hd-llc-dba-hd-exteriors/?y=2025
202,Larson Home Services,"Arlington, Wisconsin","$12,266,956",982,"$12,266,956",Replacement | Home Improvement,48,https://www.qualifiedremodeler.com/firm/larson-home-services/?y=2025
203,Four Seasons Kanga Roof,"Roseville, Michigan","$12,250,154",972,"$17,175,153",Replacement | Home Improvement,65,https://www.qualifiedremodeler.com/firm/four-seasons-roofing-and-sheet-metal-llc/?y=2025
204,Buresh Home Solutions Inc.,"Clive, Iowa","$12,245,933",538,"$12,245,933",Replacement | Home Improvement,25,https://www.qualifiedremodeler.com/firm/buresh-home-solutions/?y=2025
205,Nicholson Builders,"Columbus, Ohio","$12,239,103",201,"$12,239,103",Design-Build,60,https://www.qualifiedremodeler.com/firm/nicholson-builders/?y=2025
206,Windows Plus,"Cincinnati, Ohio","$12,183,799","1,270","$12,183,799",Replacement | Home Improvement,42,https://www.qualifiedremodeler.com/firm/windows-plus/?y=2025
207,Neal's Design Remodel,"Cincinnati, Ohio","$12,131,024",85,"$12,131,024",Design-Build,50,https://www.qualifiedremodeler.com/firm/neals-design-remodel/?y=2025
208,Home Value Renovation Inc.,"Indianapolis, Indiana","$12,047,591",230,"$12,047,591",Insurance Restoration,1,https://www.qualifiedremodeler.com/firm/home-value-renovation-inc/?y=2025
209,ABC Seamless of Sioux Falls,"Sioux Falls, South Dakota","$12,002,146",925,"$12,033,132",Replacement | Home Improvement,22,https://www.qualifiedremodeler.com/firm/abc-seamelss-of-sioux-falls/?y=2025
210,American Vision Windows of Arizona LLC,"Gilbert, Arizona","$11,977,083",833,"$11,977,083",Replacement | Home Improvement,42,https://www.qualifiedremodeler.com/firm/american-vision-windows-of-arizona-llc/?y=2025
211,BNW Builders,"Richmond, Virginia","$11,947,459",597,"$11,947,459",Full-Service,21,https://www.qualifiedremodeler.com/firm/bnw-builders/?y=2025
212,Perfect Choice Exteriors LLC,"Creve Couer, Illinois","$11,890,000",979,"$11,890,000",Replacement | Home Improvement,33,https://www.qualifiedremodeler.com/firm/perfect-choice-exteriors-llc/?y=2025
213,Brennan Enterprises,"Arlington, Texas","$11,782,547",805,"$14,596,132",Replacement | Home Improvement,24,https://www.qualifiedremodeler.com/firm/brennan-enterprises/?y=2025
214,Emmons,"Williamstown, New Jersey","$11,779,605","1,186","$14,371,427",Full-Service,41,https://www.qualifiedremodeler.com/firm/emmons/?y=2025
215,Zackwood Inc. dba Energycore Construction,"Anaheim, California","$11,682,398",567,"$11,682,398",Replacement | Home Improvement,10,https://www.qualifiedremodeler.com/firm/energycore-construction/?y=2025
216,Feinmann Inc.,"Lexington, Massachusetts","$11,658,299",40,"$11,658,299",Design-Build,30,https://www.qualifiedremodeler.com/firm/feinmann-inc/?y=2025
217,STL Design and Build,"Maryland Heights, Missouri","$11,652,000",321,"$12,658,000",Replacement | Home Improvement,32,https://www.qualifiedremodeler.com/firm/stl-design-build-llc/?y=2025
218,Mitchell Construction Group LLC,"Medfield, Massachusetts","$11,553,270",69,"$11,553,270",Design-Build,29,https://www.qualifiedremodeler.com/firm/mitchell-construction-group-llc/?y=2025
219,Deckscapes of Virginia LLC,"Catharpin, Virginia","$11,450,000",92,"$11,450,000",Replacement | Home Improvement,21,https://www.qualifiedremodeler.com/firm/deckscapes-of-virginia-llc/?y=2025
220,Erdmann Exterior Designs Ltd.,"Arlington Heights, Illinois","$11,285,873",152,"$11,285,873",Replacement | Home Improvement,30,https://www.qualifiedremodeler.com/firm/erdmann-exterior-designs-ltd/?y=2025
221,Roof-Tastic & Beyond Exteriors,"Peachtree City, Georgia","$11,258,757",806,"$11,258,757",Replacement | Home Improvement,17,https://www.qualifiedremodeler.com/firm/roof-tastic-beyond-exteriors/?y=2025
222,Crane Builders LLC,"Nashville, Tennessee","$11,200,370",24,"$11,200,370",Full-Service,12,https://www.qualifiedremodeler.com/firm/crane-builders-llc/?y=2025
223,Garrety Home Pros,"Dallastown, Pennsylvania","$11,139,479",784,"$20,941,779",Replacement | Home Improvement,101,https://www.qualifiedremodeler.com/firm/garrety-glass-betterliving-sunrooms/?y=2025
224,MaxGuard Hurricane Windows,"West Palm Beach, Florida","$11,069,025",357,"$13,768,742",Replacement | Home Improvement,11,https://www.qualifiedremodeler.com/firm/max-guard-hurricane-windows/?y=2025
225,Sun Coast Remodelers,"San Diego, California","$10,813,508",575,"$10,813,508",Replacement | Home Improvement,25,https://www.qualifiedremodeler.com/firm/sun-coast-remodelers-inc/?y=2025
226,Craftmasters Remodeling Inc.,"Maplewood, Minnesota","$10,763,886",195,"$10,763,886",Kitchen & Bath Design Remodeling,30,https://www.qualifiedremodeler.com/firm/craftmasters-remodeling-inc-2/?y=2025
227,Nu-Face of CT LLC,"Berlin, Connecticut","$10,672,948",890,"$10,672,948",Full-Service,16,https://www.qualifiedremodeler.com/firm/nuface-of-ct/?y=2025
228,BT3 Renovations LLC,"Beavercreek, Ohio","$10,622,295",898,"$10,622,295",Full-Service,25,https://www.qualifiedremodeler.com/firm/bt3-renovations-llc/?y=2025
229,Pond Roofing Company,"Fairfax, Virginia","$10,570,126","1,031","$10,570,126",Replacement | Home Improvement,26,https://www.qualifiedremodeler.com/firm/pond-roofing-and-exteriors/?y=2025
230,Outback Deck Inc.,"Woodstock, Georgia","$10,427,880",161,"$10,427,880",Replacement | Home Improvement,31,https://www.qualifiedremodeler.com/firm/outback-deck-inc/?y=2025
231,Tar Heel Construction Group LLC,"Bel Air, Maryland","$10,387,998",900,"$10,387,998",Replacement | Home Improvement,17,https://www.qualifiedremodeler.com/firm/tar-heel-construction-group-llc/?y=2025
232,HIVEX Basement Finishing Co.,"Fredericksburg, Virginia","$10,318,516",196,"$10,318,516",Replacement | Home Improvement,40,https://www.qualifiedremodeler.com/firm/hivex-basement-finishing-co/?y=2025
233,Burnett Home Improvement,"Tulsa, Oklahoma","$10,210,577","1,181","$10,210,577",Replacement | Home Improvement,55,https://www.qualifiedremodeler.com/firm/burnett-home-improvement/?y=2025
234,ExteriorMax,"Greenbelt, Maryland","$10,167,112",573,"$10,246,896",Insurance Restoration,50,https://www.qualifiedremodeler.com/firm/exteriormax/?y=2025
235,Next Stage Design + Build,"San Jose, California","$10,052,841",30,"$10,848,338",Design-Build,26,https://www.qualifiedremodeler.com/firm/next-stage-design-build/?y=2025
236,Express Sunrooms Of Charleston,"Ladson, South Carolina","$10,050,406",759,"$10,050,406",Replacement | Home Improvement,25,https://www.qualifiedremodeler.com/firm/express-sunrooms-of-charleston-llc/?y=2025
237,BasementRemodeling.com,"Hyattsville, Maryland","$10,043,365",109,"$10,043,365",Design-Build,18,https://www.qualifiedremodeler.com/firm/basement-remodeling/?y=2025
238,SeekOne Roofing,"Brentwood, Tennessee","$10,026,551",420,"$10,026,551",Replacement | Home Improvement,7,https://www.qualifiedremodeler.com/firm/seekone-roofing/?y=2025
239,Stoneridge Outdoor Living,"Winchester, Virginia","$9,997,220",279,"$9,997,220",Replacement | Home Improvement,35,https://www.qualifiedremodeler.com/firm/stoneridge-outdoor-living-llc/?y=2025
240,Unified Home Remodeling,"Baldwin, New York","$9,914,289","1,748","$9,914,289",Replacement | Home Improvement,35,https://www.qualifiedremodeler.com/firm/unified-home-remodeling/?y=2025
241,Exterior Pros,"Sussex, Wisconsin","$9,907,729",476,"$9,907,729",Replacement | Home Improvement,51,https://www.qualifiedremodeler.com/firm/exterior-pros/?y=2025
242,Callen Construction Inc.,"Muskego, Wisconsin","$9,898,470",355,"$9,898,470",Design-Build,40,https://www.qualifiedremodeler.com/firm/callen-construction-inc/?y=2025
243,Windows and Doors by The Men With Tools,"South Amboy, New Jersey","$9,811,989",913,"$9,811,989",Replacement | Home Improvement,42,https://www.qualifiedremodeler.com/firm/the-men-with-tools-windows-and-doors/?y=2025
244,Rise Renovation,"Lakewood, Colorado","$9,798,660",660,"$9,798,682",Replacement | Home Improvement,40,https://www.qualifiedremodeler.com/firm/rise-renovation/?y=2025
245,Lutgen Companies,"Waite Park, Minnesota","$9,704,994",806,"$9,704,994",Replacement | Home Improvement,34,https://www.qualifiedremodeler.com/firm/lutgen-companies/?y=2025
246,HomePro Builders Inc. (HomePro Mobility),"Loganville, Georgia","$9,677,567","1,438","$9,677,567",Full-Service,17,https://www.qualifiedremodeler.com/firm/homepro-builders-inc-homepro-mobility/?y=2025
247,Michael F Simon Builders,"Waunakee, Wisconsin","$9,634,846",33,"$10,610,694",Full-Service,21,https://www.qualifiedremodeler.com/firm/michael-f-simon-builders/?y=2025
248,Totally Basements,"Manalapan, New Jersey","$9,610,134",302,"$9,596,984",Replacement | Home Improvement,23,https://www.qualifiedremodeler.com/firm/totally-basements/?y=2025
249,Aloft Remodeling,"Arcaida, California","$9,594,437",510,"$15,991,943",Kitchen & Bath Design Remodeling,100,https://www.qualifiedremodeler.com/firm/aloft-remodeling/?y=2025
250,Accord Restoration,"Harrisburg, Pennsylvania","$9,536,713",345,"$9,536,713",Insurance Restoration,35,https://www.qualifiedremodeler.com/firm/accord-restoration/?y=2025
251,Bumble Roofing,"Glen Allen, Virginia","$9,510,048",528,"$9,510,048",Replacement | Home Improvement,25,https://www.qualifiedremodeler.com/firm/la-roofing-and-builder-group-inc/?y=2025
252,Hutcherson Construction LLC,"Plainwell, Michigan","$9,494,975",360,"$9,494,975",Replacement | Home Improvement,51,https://www.qualifiedremodeler.com/firm/hutcherson-construction-llc/?y=2025
253,Glicks Exteriors,"Gap, Pennsylvania","$9,444,298",355,"$9,444,298",Replacement | Home Improvement,22,https://www.qualifiedremodeler.com/firm/glicks-exteriors/?y=2025
254,Park Atlanta Homes,"Fayetteville, Georgia","$9,405,343",119,"$9,405,343",Full-Service,14,https://www.qualifiedremodeler.com/firm/park-atlanta-homes/?y=2025
255,JDH Remodeling,"Saint Leonard, Maryland","$9,395,219",467,"$9,395,219",Replacement | Home Improvement,15,https://www.qualifiedremodeler.com/firm/jdh-remodeling/?y=2025
256,Foster Remodeling Solutions Inc.,"Lorton, Virginia","$9,379,948",133,"$9,379,948",Design-Build,35,https://www.qualifiedremodeler.com/firm/foster-remodeling-solutions-inc/?y=2025
257,Budget Exteriors Inc.,"Bloomington, Minnesota","$9,330,765",689,"$9,330,765",Replacement | Home Improvement,80,https://www.qualifiedremodeler.com/firm/budget-exteriors-inc/?y=2025
258,The Home Doctor Exterior,"Falls Church, Virginia","$9,325,923",826,"$9,325,923",Replacement | Home Improvement,45,https://www.qualifiedremodeler.com/firm/the-home-doctor-exterior/?y=2025
259,RIKB Design Build,"Warwick, Rhode Island","$9,311,965",75,"$9,311,965",Design-Build,32,https://www.qualifiedremodeler.com/firm/ri-kitchen-bath-design-build/?y=2025
260,Skyview Detroit,"Commerce Township, Michigan","$9,299,994",135,"$10,935,692",Replacement | Home Improvement,30,https://www.qualifiedremodeler.com/firm/skyview-detroit/?y=2025
261,VMJR Companies,"Glens Falls, New York","$9,271,435",14,"$28,974,612",Full-Service,87,https://www.qualifiedremodeler.com/firm/vmjr-companies-llc/?y=2025
262,Hero Roofing,"Newnan, Georgia","$9,204,779",889,"$9,204,779",Replacement | Home Improvement,30,https://www.qualifiedremodeler.com/firm/hero-roofing/?y=2025
263,Neuhoff & Beverly Custom Builders,"Raleigh, North Carolina","$9,194,392",18,"$9,194,392",Full-Service,6,https://www.qualifiedremodeler.com/firm/neuhoff-beverly-custom-builders/?y=2025
264,Westhill Inc.,"Woodinville, Washington","$9,124,435",81,"$10,630,403",Design-Build,20,https://www.qualifiedremodeler.com/firm/westhill-inc/?y=2025
265,ABC Seamless of Nebraska,"Omaha, Nebraska","$9,111,873",576,"$9,111,873",Replacement | Home Improvement,47,https://www.qualifiedremodeler.com/firm/abc-of-nebraska/?y=2025
266,K&H Home Solutions,"Arvada, Colorado","$9,056,581",642,"$9,056,581",Full-Service,25,https://www.qualifiedremodeler.com/firm/kandh-home-solutions/?y=2025
267,Calbath Renovations,"Newport Beach, California","$9,000,019","1,363","$9,000,019",Kitchen & Bath Design Remodeling,69,https://www.qualifiedremodeler.com/firm/calbath-renovations/?y=2025
268,Better View Windows and More LLC,"Virginia Beach, Virginia","$8,990,117","1,299","$8,990,117",Replacement | Home Improvement,18,https://www.qualifiedremodeler.com/firm/better-view-windows-and-more/?y=2025
269,USA Showers,"Phoenix, Arizona","$8,970,348",541,"$8,970,348",Replacement | Home Improvement,40,https://www.qualifiedremodeler.com/firm/usa-showers/?y=2025
270,Remodeling Consultants,"Mamaroneck, New York","$8,967,324",28,"$8,967,324",Design-Build,75,https://www.qualifiedremodeler.com/firm/remodeling-consultants-inc/?y=2025
271,Phillips Home Improvements,"Allen, Texas","$8,897,367","1,872","$8,897,367",Replacement | Home Improvement,34,https://www.qualifiedremodeler.com/firm/phillips-home-improvements/?y=2025
272,Clarity Windows & Doors,"Coppell, Texas","$8,794,716",508,"$8,794,716",Replacement | Home Improvement,13,https://www.qualifiedremodeler.com/firm/clarity-windows-doors/?y=2025
273,Perez Design Build Remodel LLC,"Clarks Summit, Pennsylvania","$8,755,117",142,"$14,684,378",Design-Build,28,https://www.qualifiedremodeler.com/firm/perez-design-build-remodel-llc/?y=2025
274,Home Solutions of Iowa,"Waukee, Iowa","$8,728,272","2,716","$8,728,272",Replacement | Home Improvement,39,https://www.qualifiedremodeler.com/firm/home-solutions-of-iowa/?y=2025
275,Proficient Patios & Backyard Designs,"Las Vegas, Nevada","$8,705,798",380,"$12,436,855",Replacement | Home Improvement,70,https://www.qualifiedremodeler.com/firm/proficient-patios-and-backyard-designs/?y=2025
276,Titus Built LLC,"West Redding, Connecticut","$8,597,004",19,"$8,597,004",Design-Build,8,https://www.qualifiedremodeler.com/firm/titus-built-llc/?y=2025
277,Scope Restoration,"Waldorf, Maryland","$8,553,218",324,"$8,553,218",Replacement | Home Improvement,7,https://www.qualifiedremodeler.com/firm/scope-restoration-inc/?y=2025
278,New Beginnings Construction Inc.,"Charleston, South Carolina","$8,543,502",453,"$8,543,502",Full-Service,22,https://www.qualifiedremodeler.com/firm/new-beginnings-construction-inc-2/?y=2025
279,Booher Remodeling Company,"Indianapolis, Indiana","$8,402,696",140,"$8,402,696",Kitchen & Bath Design Remodeling,30,https://www.qualifiedremodeler.com/firm/booher-remodeling-company/?y=2025
280,Nelson Exteriors,"Marietta, Georgia","$8,400,805",414,"$8,400,805",Replacement | Home Improvement,18,https://www.qualifiedremodeler.com/firm/nelson-exteriors/?y=2025
281,Cross Driven Construction,"Hendersonville, Tennessee","$8,386,974",541,"$8,386,974",Full-Service,42,https://www.qualifiedremodeler.com/firm/cross-driven-construction/?y=2025
282,Behr Construction Co.,"La Canada, California","$8,342,042",50,"$8,342,042",Full-Service,15,https://www.qualifiedremodeler.com/firm/behr-construction-co/?y=2025
283,Cornerstone Remodeling,"Ellicott City, Maryland","$8,314,011",62,"$8,314,011",Design-Build,19,https://www.qualifiedremodeler.com/firm/cornerstone-remodeling/?y=2025
284,Home Remodeling Pros of Central PA,"Mechanicsburg, Pennsylvania","$8,297,474",223,"$8,297,474",Full-Service,50,https://www.qualifiedremodeler.com/firm/home-remodeling-pros-of-central-pa/?y=2025
285,American Home,"Knoxville, Tennessee","$8,295,901",553,"$8,295,901",Full-Service,16,https://www.qualifiedremodeler.com/firm/american-home/?y=2025
286,Five Star Contractors Inc.,"Malvern, Pennsylvania","$8,250,724",70,"$8,187,724",Replacement | Home Improvement,35,https://www.qualifiedremodeler.com/firm/five-star-contractors-inc-2/?y=2025
287,Quartersawn Design Build,"Minneapolis, Minnesota","$8,234,255",19,"$9,187,520",Design-Build,23,https://www.qualifiedremodeler.com/firm/quartersawn-design-build/?y=2025
288,Krumm Exteriors LLC,"New Richmond, Wisconsin","$8,208,462",541,"$8,208,462",Replacement | Home Improvement,58,https://www.qualifiedremodeler.com/firm/krumm-exteriors-llc/?y=2025
289,"Burr Roofing, Siding, & Windows","Stratford, Connecticut","$8,144,496",164,"$8,200,696",Replacement | Home Improvement,13,https://www.qualifiedremodeler.com/firm/burr-roofing-siding-windows/?y=2025
290,New York Sash,"Whitesboro, New York","$8,047,218",737,"$8,047,218",Replacement | Home Improvement,52,https://www.qualifiedremodeler.com/firm/new-york-sash/?y=2025
291,"Advance Design Studio, Ltd.","Gilberts, Illinois","$7,998,035",61,"$7,998,035",Design-Build,29,https://www.qualifiedremodeler.com/firm/advance-design-studio-ltd/?y=2025
292,Gregory Contracting Inc.,"Forest Lake, Minnesota","$7,992,136",229,"$7,992,136",Full-Service,26,https://www.qualifiedremodeler.com/firm/gregory-contracting/?y=2025
293,"Lynnrich Seamless Siding, Windows & Doors","Billings, Montana","$7,968,441",285,"$7,968,441",Replacement | Home Improvement,31,https://www.qualifiedremodeler.com/firm/lynnrich-seamless-siding-and-windows/?y=2025
294,Artisan Build Construct,"Nashville, Tennessee","$7,898,738",30,"$8,790,979",Full-Service,24,https://www.qualifiedremodeler.com/firm/artisan-build-construct/?y=2025
295,Carolina Windows & Doors Inc,"Greenville, North Carolina","$7,871,486","1,211","$7,871,486",Replacement | Home Improvement,15,https://www.qualifiedremodeler.com/firm/carolina-windows-and-doors-inc/?y=2025
296,Northern Lights Exteriors,"Fort Lupton, Colorado","$7,854,989",192,"$7,854,989",Replacement | Home Improvement,7,https://www.qualifiedremodeler.com/firm/northern-lights-exteriors/?y=2025
297,White Crane Construction LLC,"Minneapolis, Minnesota","$7,779,343",26,"$7,779,343",Design-Build,18,https://www.qualifiedremodeler.com/firm/white-crane-construction/?y=2025
298,GatorGuard Concrete Coatings,"Indianapolis, Indiana","$7,709,352","1,094","$7,709,352",Replacement | Home Improvement,43,https://www.qualifiedremodeler.com/firm/gatorguard-llc/?y=2025
299,Premier Builders Inc.,"Georgetown, Massachusetts","$7,649,958",147,"$7,649,958",Full-Service,22,https://www.qualifiedremodeler.com/firm/premier-builders-inc/?y=2025
300,Contract Exteriors,"Murrells Inlet, South Carolina","$7,620,183",223,"$7,620,183",Replacement | Home Improvement,21,https://www.qualifiedremodeler.com/firm/contract-exteriors/?y=2025
301,Cabinet Genies Inc.,"Cape Coral, Florida","$7,598,066",167,"$7,598,066",Kitchen & Bath Design Remodeling,27,https://www.qualifiedremodeler.com/firm/cabinet-genies-inc/?y=2025
302,Vinyl Window Broker Inc,"tustin, California","$7,562,135",590,"$7,562,135",Replacement | Home Improvement,15,https://www.qualifiedremodeler.com/firm/vinyl-window-broker-inc/?y=2025
303,Chapman Windows Doors & Siding,"West Chester, Pennsylvania","$7,541,256",663,"$8,809,703",Replacement | Home Improvement,39,https://www.qualifiedremodeler.com/firm/chapman-windows-doors-and-siding/?y=2025
304,G.M. Roth Design Remodeling LLC,"Nashua, New Hampshire","$7,517,545",71,"$7,517,545",Design-Build,30,https://www.qualifiedremodeler.com/firm/g-m-roth-design-remodeling-llc/?y=2025
305,Capizzi Home Improvement,"Cotuit, Massachusetts","$7,492,956",188,"$7,492,956",Full-Service,19,https://www.qualifiedremodeler.com/firm/capizzi-home-improvement-inc/?y=2025
306,Shell Restoration LLC,"New Castlw, Pennsylvania","$7,444,644",566,"$7,444,644",Replacement | Home Improvement,4,https://www.qualifiedremodeler.com/firm/shell-restoration-llc/?y=2025
307,Xtreme Exteriors Roofing and Siding LLC,"Nixa, Missouri","$7,404,271",512,"$13,359,453",Replacement | Home Improvement,79,https://www.qualifiedremodeler.com/firm/xtreme-exteriors/?y=2025
308,Visionaire Windows,"Kennesaw, Georgia","$7,387,218",440,"$7,387,218",Replacement | Home Improvement,15,https://www.qualifiedremodeler.com/firm/visionaire-windows/?y=2025
309,Solid Structures,"Virginia Beach, Virginia","$7,372,305",285,"$8,372,305",Replacement | Home Improvement,43,https://www.qualifiedremodeler.com/firm/solid-structures-decks-fences-llc/?y=2025
310,Jerry Harris Remodeling,"Chesapeake, Virginia","$7,350,608",81,"$7,350,608",Full-Service,30,https://www.qualifiedremodeler.com/firm/jerry-harris-remodeling/?y=2025
311,Iron River Construction,"Chaska, Minnesota","$7,309,561",210,"$7,309,561",Full-Service,19,https://www.qualifiedremodeler.com/firm/iron-river-construction/?y=2025
312,Story Renovations,"Littleton, Colorado","$7,278,254",17,"$7,913,403",Full-Service,22,https://www.qualifiedremodeler.com/firm/story-renovations/?y=2025
313,Haile Kitchen & Bath,"Gainesville, Florida","$7,262,504",145,"$7,389,788",Kitchen & Bath Design Remodeling,23,https://www.qualifiedremodeler.com/firm/haile-kitchen-bath/?y=2025
314,C&R Design Remodel,"Salem, Oregon","$7,221,455",45,"$7,221,455",Design-Build,15,https://www.qualifiedremodeler.com/firm/cr-design-remodel/?y=2025
315,MC Construction and Design,"Encino, California","$7,210,946",705,"$7,210,946",Full-Service,41,https://www.qualifiedremodeler.com/firm/mc-construction-and-design/?y=2025
316,Ocala Baths,"Ocala, Florida","$7,208,802",310,"$7,208,802",Replacement | Home Improvement,40,https://www.qualifiedremodeler.com/firm/ocala-baths-llc/?y=2025
317,Wize Home Services,"Hickory, North Carolina","$7,203,329",362,"$9,648,715",Full-Service,80,https://www.qualifiedremodeler.com/firm/wize-home-services/?y=2025
318,Bath Ventures of MN LLC dba Five Star Bath Solutions,"Vadnais Heights, Minnesota","$7,171,888",478,"$7,171,888",Kitchen & Bath Design Remodeling,16,https://www.qualifiedremodeler.com/firm/bath-ventures-of-mn-llc-dba-five-star-bath-solutions/?y=2025
319,Alco Products Company Inc.,"North Bethesda, Maryland","$7,164,799",322,"$7,164,799",Replacement | Home Improvement,15,https://www.qualifiedremodeler.com/firm/alco-products-inc/?y=2025
320,The Window Doctor,"Fremont, Indiana","$7,154,757",586,"$7,154,757",Replacement | Home Improvement,23,https://www.qualifiedremodeler.com/firm/the-window-doctor-llc/?y=2025
321,"Thebco Windows, Doors and Siding","Madison, Wisconsin","$7,120,418",516,"$7,120,418",Replacement | Home Improvement,28,https://www.qualifiedremodeler.com/firm/thebco-windows-doors-and-siding/?y=2025
322,Greystone Construction Management Inc.,"Jacksonville, Florida","$7,099,459",111,"$7,099,459",Full-Service,35,https://www.qualifiedremodeler.com/firm/greystone-construction-management-inc/?y=2025
323,Mammoth Roofing and Solar,"Boerne, Texas","$7,054,931",405,"$7,054,931",Replacement | Home Improvement,21,https://www.qualifiedremodeler.com/firm/mammoth-contracting-llc/?y=2025
324,The Cleary Company,"Columbus, Ohio","$6,898,762",60,"$7,342,712",Design-Build,33,https://www.qualifiedremodeler.com/firm/the-cleary-company/?y=2025
325,NEPA Builders Inc.,"Blakely, Pennsylvania","$6,873,482",123,"$7,709,943",Full-Service,23,https://www.qualifiedremodeler.com/firm/nepa-builders/?y=2025
326,Midwest Exteriors LLC,"Williamsburg, Michigan","$6,856,759",266,"$6,856,759",Replacement | Home Improvement,42,https://www.qualifiedremodeler.com/firm/midwest-exteriors-llc/?y=2025
327,Raber Patio Enclosures & Furniture LLC,"Shipshewana, Indiana","$6,819,748",393,"$7,720,802",Replacement | Home Improvement,33,https://www.qualifiedremodeler.com/firm/raber-patio-enclosures-and-furniture-llc/?y=2025
328,JRP Design & Remodel,"Westlake Village, California","$6,768,041",22,"$6,768,041",Design-Build,22,https://www.qualifiedremodeler.com/firm/jrp-design-and-remodel/?y=2025
329,McCann Window & Exteriors Inc,"Northbrook, Illinois","$6,733,433",494,"$6,733,433",Replacement | Home Improvement,14,https://www.qualifiedremodeler.com/firm/mccann-window-and-exteriors-inc/?y=2025
330,Unique Home Design & Remodeling,"Redwood City, California","$6,705,723",96,"$6,705,723",Kitchen & Bath Design Remodeling,—,https://www.qualifiedremodeler.com/firm/unique-home-design-remodeling/?y=2025
331,Craftsmen Home Improvements Inc.,"Dayton, Ohio","$6,689,424",250,"$6,689,424",Kitchen & Bath Design Remodeling,14,https://www.qualifiedremodeler.com/firm/craftsmen-home-improvements-inc/?y=2025
332,MAAP Corp dba Save Energy Company,"Petaluma, California","$6,654,572",634,"$6,654,572",Replacement | Home Improvement,20,https://www.qualifiedremodeler.com/firm/maap-corp-dba-save-energy-company/?y=2025
333,Maggio Roofing,"Takoma Park, Maryland","$6,625,291",413,"$6,625,291",Replacement | Home Improvement,27,https://www.qualifiedremodeler.com/firm/maggio-roofing/?y=2025
334,Custom Contracting Inc.,"Arlington, Massachusetts","$6,580,593",99,"$6,580,593",Design-Build,19,https://www.qualifiedremodeler.com/firm/custom-contracting-inc/?y=2025
335,Weathersby Windows & Doors,"Tucson, Arizona","$6,563,005",623,"$7,292,228",Replacement | Home Improvement,15,https://www.qualifiedremodeler.com/firm/weathersby-windows-doors-llc/?y=2025
336,Allen Kitchen & Bath,"Madison, Wisconsin","$6,541,585",263,"$6,541,585",Kitchen & Bath Design Remodeling,41,https://www.qualifiedremodeler.com/firm/allen-kitchen-bath/?y=2025
337,Superior Custom Homes & Remodeling,"Brentwood, Tennessee","$6,537,531",19,"$16,685,588",Full-Service,14,https://www.qualifiedremodeler.com/firm/superior-remodeling-llc/?y=2025
338,New Jersey Siding & Windows Inc.,"Randolph, New Jersey","$6,519,793",400,"$6,519,793",Replacement | Home Improvement,13,https://www.qualifiedremodeler.com/firm/new-jersey-siding-windows-inc/?y=2025
339,Emerald Breeze Services LLC dba Majors Home Improvement,"Milton, Florida","$6,479,769",433,"$6,479,769",Replacement | Home Improvement,29,https://www.qualifiedremodeler.com/firm/emerald-breeze-services-llc/?y=2025
340,KVN Construction Inc.,"Portland, Oregon","$6,431,943",179,"$6,431,943",Replacement | Home Improvement,7,https://www.qualifiedremodeler.com/firm/kvn-construction-inc/?y=2025
341,Key Exteriors Inc.,"Fort Wayne, Indiana","$6,413,691",416,"$6,413,691",Replacement | Home Improvement,15,https://www.qualifiedremodeler.com/firm/key-exteriors-inc/?y=2025
342,SuperiorPRO LLC,"Kennesaw, Georgia","$6,364,572",767,"$6,108,328",Replacement | Home Improvement,27,https://www.qualifiedremodeler.com/firm/superior-pro-llc/?y=2025
343,Legacy Home Remodeling,"Charlotte, North Carolina","$6,358,428",330,"$6,358,428",Replacement | Home Improvement,40,https://www.qualifiedremodeler.com/firm/legacy/?y=2025
344,Gulf Coast Restoration and Construction,"Tampa, Florida","$6,335,988",253,"$6,335,988",Insurance Restoration,5,https://www.qualifiedremodeler.com/firm/gulf-coast-restoration-and-construction/?y=2025
345,4Ever Remodeling LLC,"Niles, Illinois","$6,294,033",93,"$6,294,033",Design-Build,11,https://www.qualifiedremodeler.com/firm/4ever-remodeling/?y=2025
346,Magee Construction Company,"Cedar Falls, Iowa","$6,279,061",422,"$6,279,061",Design-Build,35,https://www.qualifiedremodeler.com/firm/magee-construction-company/?y=2025
347,B.A. Worthing Inc.,"Carlsbad, California","$6,249,624",34,"$8,361,751",Design-Build,15,https://www.qualifiedremodeler.com/firm/b-a-worthing-inc/?y=2025
348,Amiano & Son Construction,"Southampton, New Jersey","$6,185,736",39,"$6,185,736",Design-Build,24,https://www.qualifiedremodeler.com/firm/amiano-son-design-build/?y=2025
349,Stebnitz Builders Inc.,"Elkhorn, Wisconsin","$6,165,060",60,"$6,283,525",Design-Build,27,https://www.qualifiedremodeler.com/firm/stebnitz-builders/?y=2025
350,Titan Builders Inc.,"Wilmette, Illinois","$6,138,617",93,"$6,138,617",Kitchen & Bath Design Remodeling,10,https://www.qualifiedremodeler.com/firm/titan-builders-inc/?y=2025
351,K&W Interiors,"Anchorage, Alaska","$6,110,974",120,"$6,110,974",Kitchen & Bath Design Remodeling,20,https://www.qualifiedremodeler.com/firm/kandw-interiors/?y=2025
352,Brindisi Builders,"Marlton, New Jersey","$6,101,428",77,"$6,101,428",Full-Service,21,https://www.qualifiedremodeler.com/firm/brindisi-builders/?y=2025
353,KRT Construction,"Omaha, Nebraska","$6,083,868",82,"$8,195,592",Design-Build,17,https://www.qualifiedremodeler.com/firm/krt-construction-inc/?y=2025
354,Re-Bath of TriCities,"Pasco, Washington","$6,056,594",428,"$6,056,594",Kitchen & Bath Design Remodeling,39,https://www.qualifiedremodeler.com/firm/re-bath-of-pittsburgh-cleveland-columbus/?y=2025
355,Red House Design Build,"Providence, Rhode Island","$6,030,855",25,"$6,030,855",Design-Build,22,https://www.qualifiedremodeler.com/firm/red-house-design-build/?y=2025
356,Pure Roofing,"Gainesville, Virginia","$5,969,708",198,"$5,969,708",Replacement | Home Improvement,12,https://www.qualifiedremodeler.com/firm/pure-roofing/?y=2025
357,HighCraft Builders Inc.,"Fort Collins, Colorado","$5,968,614",38,"$15,210,856",Design-Build,25,https://www.qualifiedremodeler.com/firm/highcraft-builders/?y=2025
358,Arete Renovators,"Chicago, Illinois","$5,962,742",62,"$5,962,742",Design-Build,24,https://www.qualifiedremodeler.com/firm/arete-renovators/?y=2025
359,Tankersley Construction Inc.,"Rancho Cordova, California","$5,937,897",10,"$5,937,897",Full-Service,10,https://www.qualifiedremodeler.com/firm/tankersley-construction/?y=2025
360,Valley Services,"Gilbert, Arizona","$5,892,105",585,"$6,278,712",Replacement | Home Improvement,45,https://www.qualifiedremodeler.com/firm/valley-services-construction-llc/?y=2025
361,Woodbridge Builders,"KENILWORTH, New Jersey","$5,888,760",42,"$5,888,760",Design-Build,12,https://www.qualifiedremodeler.com/firm/woodbridge-builders-corp/?y=2025
362,Karp Associates Inc.,"New Canaan, Connecticut","$5,863,000",8,"$13,680,000",Full-Service,11,https://www.qualifiedremodeler.com/firm/karp-associates-inc/?y=2025
363,Bath Masters,"New Carlisle, Ohio","$5,850,124",365,"$5,850,124",Replacement | Home Improvement,27,https://www.qualifiedremodeler.com/firm/bath-masters/?y=2025
364,1st Choice Builders LLC,"Lakeland, Minnesota","$5,843,212",64,"$7,158,121",Design-Build,20,https://www.qualifiedremodeler.com/firm/1st-choice-builders/?y=2025
365,Climate Shield Home Exteriors,"Wichita, Kansas","$5,759,562",380,"$5,759,562",Replacement | Home Improvement,21,https://www.qualifiedremodeler.com/firm/climate-shield-home-exteriors/?y=2025
366,Advanced Metal Roofing Co Inc,"Brentwood, New Hampshire","$5,749,810",173,"$5,749,810",Replacement | Home Improvement,5,https://www.qualifiedremodeler.com/firm/advanced-metal-roofing-co-inc/?y=2025
367,A.B.E. Doors & Windows,"Allentown, Pennsylvania","$5,718,474",711,"$5,720,315",Replacement | Home Improvement,23,https://www.qualifiedremodeler.com/firm/abe-doors-and-windows/?y=2025
368,DB Atlanta,"Alpharetta, Georgia","$5,668,759",46,"$5,668,759",Design-Build,16,https://www.qualifiedremodeler.com/firm/dbatlanta/?y=2025
369,1st Choice Home Improvements Inc.,"Pensacola, Florida","$5,661,289",380,"$5,661,289",Full-Service,25,https://www.qualifiedremodeler.com/firm/1st-choice-home-improvements-inc/?y=2025
370,KBF by Audi Contractors,"Ashburn, Virginia","$5,659,701",78,"$5,659,701",Design-Build,39,https://www.qualifiedremodeler.com/firm/kbf-by-audi-contractors/?y=2025
371,Monarch Siding & Windows Inc.,"Papillion, Nebraska","$5,650,009",346,"$5,650,009",Replacement | Home Improvement,5,https://www.qualifiedremodeler.com/firm/monarch-siding-windows-inc/?y=2025
372,Best Window & Door Company,"Johnstown, Pennsylvania","$5,647,139",591,"$5,698,723",Replacement | Home Improvement,37,https://www.qualifiedremodeler.com/firm/best-window-and-door-company/?y=2025
373,Tridel Construction,"Las Vegas, Nevada","$5,630,000",190,"$5,890,000",Design-Build,19,https://www.qualifiedremodeler.com/firm/tridel-construction/?y=2025
374,Metro Building and Remodeling Group,"Ashburn, Virginia","$5,613,444",14,"$5,613,444",Design-Build,7,https://www.qualifiedremodeler.com/firm/metro-building-and-remodeling-group/?y=2025
375,Tracery Professional Builders Inc.,"Cupertino, California","$5,598,637",14,"$5,598,637",Full-Service,9,https://www.qualifiedremodeler.com/firm/tracery-professional-builders-inc/?y=2025
376,Quality Design & Remodel,"Delmar, New York","$5,594,344",36,"$5,594,344",Design-Build,15,https://www.qualifiedremodeler.com/firm/quality-design-remodel/?y=2025
377,Select Kitchen & Bath,"Alexandria, Virginia","$5,538,653",136,"$5,538,653",Kitchen & Bath Design Remodeling,17,https://www.qualifiedremodeler.com/firm/select-kitchen-bath/?y=2025
378,Washa Remodeling & Design,"Madison, Wisconsin","$5,534,279",23,"$5,537,279",Design-Build,13,https://www.qualifiedremodeler.com/firm/washa-remodeling-and-design/?y=2025
379,Engstrom Construction Inc.,"Siren, Wisconsin","$5,497,753",353,"$5,497,753",Replacement | Home Improvement,22,https://www.qualifiedremodeler.com/firm/engstrom-construction-inc/?y=2025
380,Disaster Response,"McCall, Idaho","$5,458,489",551,"$15,313,143",Insurance Restoration,75,https://www.qualifiedremodeler.com/firm/disaster-response/?y=2025
381,Villa Remodeling & Painting Inc.,"Woodland Hills, California","$5,451,670",74,"$6,875,000",Design-Build,9,https://www.qualifiedremodeler.com/firm/villa-remodeling-painting-inc/?y=2025
382,McBride Construction Inc. dba McBride Custom Homes,"Petoskey, Michigan","$5,419,866",49,"$12,131,687",Full-Service,25,https://www.qualifiedremodeler.com/firm/mcbride-custom-homes/?y=2025
383,Kubala Home Improvement,"Ludlow, Massachusetts","$5,381,217",467,"$5,381,217",Replacement | Home Improvement,15,https://www.qualifiedremodeler.com/firm/kubala-home-improvements/?y=2025
384,Bath Planet of St Louis LLC,"St Charles, Missouri","$5,350,000",35,"$5,350,000",Replacement | Home Improvement,15,https://www.qualifiedremodeler.com/firm/bath-planet-of-st-louis-llc/?y=2025
385,Legacy Exteriors LLC,"Madison, Wisconsin","$5,345,512",217,"$5,345,512",Replacement | Home Improvement,12,https://www.qualifiedremodeler.com/firm/legacy-exteriors-llc/?y=2025
386,Levitch Associates Incorporated,"Berkeley, California","$5,334,012",23,"$7,389,540",Design-Build,31,https://www.qualifiedremodeler.com/firm/levitch-associates-inc/?y=2025
387,Jm Construction Group LLC,"Rockford, Illinois","$5,325,069",274,"$5,325,069",Replacement | Home Improvement,7,https://www.qualifiedremodeler.com/firm/jm-construction-group-llc/?y=2025
388,Strite design + remodel,"Boise, Idaho","$5,266,243",32,"$5,266,243",Design-Build,14,https://www.qualifiedremodeler.com/firm/strite-design-remodel/?y=2025
389,Golden Rule Builders Inc.,"Catlett, Virginia","$5,260,416",27,"$10,695,117",Design-Build,38,https://www.qualifiedremodeler.com/firm/golden-rule-builders-inc/?y=2025
390,Two Storey Building LLC,"Bolton, Massachusetts","$5,234,527",24,"$5,234,527",Design-Build,6,https://www.qualifiedremodeler.com/firm/two-storey-building/?y=2025
391,Allmaster Home Services,"Baltimore, Maryland","$5,227,692",381,"$5,224,692",Full-Service,20,https://www.qualifiedremodeler.com/firm/allmaster-home-services/?y=2025
392,MidAtlantic Contracting Inc. of Virginia,"Woodbridge, Virginia","$5,222,581",310,"$5,222,581",Replacement | Home Improvement,7,https://www.qualifiedremodeler.com/firm/midatlantic-contracting-inc-of-virginia/?y=2025
393,Energy Home Improvements,"Pleasant View, Utah","$5,218,607",338,"$5,218,607",Replacement | Home Improvement,2,https://www.qualifiedremodeler.com/firm/energy-home-improvements/?y=2025
394,Carlson Exteriors Inc.,"Normal, Illinois","$5,201,304",275,"$7,832,565",Replacement | Home Improvement,28,https://www.qualifiedremodeler.com/firm/carlson-exteriors/?y=2025
395,Elliotts Elite Home Solutions LLC,"Myakka City, Florida","$5,200,422",79,"$5,200,422",Full-Service,2,https://www.qualifiedremodeler.com/firm/elliotts-elite-home-solutions-llc/?y=2025
396,GRS Pros,"Flower Mound, Texas","$5,173,294",186,"$5,380,117",Full-Service,19,https://www.qualifiedremodeler.com/firm/grs-pros/?y=2025
397,Nip Tuck Remodeling,"Monroe, Washington","$5,154,587",19,"$5,154,587",Design-Build,12,https://www.qualifiedremodeler.com/firm/nip-tuck-remodeling/?y=2025
398,Smallwood Renovations LLC,"Ashland, Virginia","$5,124,538",171,"$5,124,538",Replacement | Home Improvement,19,https://www.qualifiedremodeler.com/firm/smallwood-renovations-llc/?y=2025
399,Timberline Patio Covers,"Kent, Washington","$5,120,272",86,"$5,120,272",Design-Build,19,https://www.qualifiedremodeler.com/firm/timberline-patio-covers/?y=2025
400,Arnold's Home Improvement,"Toledo, Ohio","$5,100,248",338,"$5,405,399",Replacement | Home Improvement,20,https://www.qualifiedremodeler.com/firm/arnolds-home-improvement/?y=2025
401,Pierpoint Construction Inc.,"Stafford, Virginia","$5,087,787",244,"$5,087,787",Full-Service,20,https://www.qualifiedremodeler.com/firm/pierpoint-construction-inc/?y=2025
402,Roland Slate Service Co. Inc.,"Baltimore, Maryland","$5,071,661",518,"$5,071,661",Replacement | Home Improvement,25,https://www.qualifiedremodeler.com/firm/roland-slate-service/?y=2025
403,Home Pro of Michigan,"Kentwood, Michigan","$5,070,004",275,"$5,385,007",Replacement | Home Improvement,28,https://www.qualifiedremodeler.com/firm/home-pro-of-michigan/?y=2025
404,ABC Seamless of Cheyenne,"Cheyenne, Wyoming","$5,010,082","1,000","$5,010,082",Replacement | Home Improvement,24,https://www.qualifiedremodeler.com/firm/abc-seamless-of-cheyenne/?y=2025
405,Renovations Xperts LLC,"Washington, District of Columbia","$4,987,397",323,"$4,987,397",Replacement | Home Improvement,5,https://www.qualifiedremodeler.com/firm/renovations-xperts-llc/?y=2025
406,J&R Construction,"Lexington, Kentucky","$4,986,141",51,"$4,986,141",Design-Build,12,https://www.qualifiedremodeler.com/firm/jr-construction-services-inc-aka-just-jr-construction/?y=2025
407,Bath Planet Southern Tier,"Horseheads, New York","$4,974,582",389,"$4,974,582",Kitchen & Bath Design Remodeling,30,https://www.qualifiedremodeler.com/firm/bath-planet-southern-tier/?y=2025
408,Interrante Design-Build,"Kingston, New York","$4,876,142",11,"$6,019,929",Design-Build,8,https://www.qualifiedremodeler.com/firm/interrante-design-build/?y=2025
409,Topp Home,"Camp Hill, Pennsylvania","$4,870,312",324,"$4,160,755",Replacement | Home Improvement,32,https://www.qualifiedremodeler.com/firm/topp-home/?y=2025
410,Schafer Brothers Remodeling Inc.,"Crystal Lake, Illinois","$4,847,496",204,"$4,847,496",Full-Service,25,https://www.qualifiedremodeler.com/firm/schafer-brothers-remodeling-inc/?y=2025
411,The Homestar Group,"Conyers, Georgia","$4,819,274",820,"$7,496,604",Full-Service,33,https://www.qualifiedremodeler.com/firm/the-homestar-group/?y=2025
412,Kirk Development Company,"Phoenix, Arizona","$4,805,545",76,"$4,805,545",Full-Service,17,https://www.qualifiedremodeler.com/firm/kirk-development-company/?y=2025
413,Wrightway Home Improvements,"Fond du Lac, Wisconsin","$4,796,606",520,"$4,796,606",Replacement | Home Improvement,23,https://www.qualifiedremodeler.com/firm/wrightway-home-improvements/?y=2025
414,Total Home Construction Corp,"Melville, New York","$4,790,690",200,"$4,790,690",Full-Service,9,https://www.qualifiedremodeler.com/firm/total-home-construction-corp/?y=2025
415,JD Hostetter,"Indianapolis, Indiana","$4,786,781",312,"$4,786,781",Replacement | Home Improvement,4,https://www.qualifiedremodeler.com/firm/jd-hostetter-and-associates/?y=2025
416,Flansburg Construction,"Hamilton, New Jersey","$4,781,502",14,"$4,781,502",Design-Build,11,https://www.qualifiedremodeler.com/firm/flansburg-construction-llc/?y=2025
417,New Outlooks Construction,"Robbinsville, New Jersey","$4,774,306",218,"$4,774,306",Design-Build,21,https://www.qualifiedremodeler.com/firm/new-outlooks-construction-group/?y=2025
418,MCG Homes,"Fernandina Beach, Florida","$4,770,099",43,"$4,770,099",Design-Build,24,https://www.qualifiedremodeler.com/firm/mcg-homes/?y=2025
419,Fine Custom Construction,"Millcreek, Utah","$4,750,475",10,"$4,750,475",Design-Build,12,https://www.qualifiedremodeler.com/firm/fine-custom-construction/?y=2025
420,BN Covered Exteriors Inc.,"Richland, Washington","$4,715,698",136,"$4,715,698",Replacement | Home Improvement,35,https://www.qualifiedremodeler.com/firm/bn-covered-exteriors-inc/?y=2025
421,Biehl Brothers Contracting,"Fairfield, Ohio","$4,699,921",38,"$4,699,921",Design-Build,30,https://www.qualifiedremodeler.com/firm/biehl-brothers-contracting/?y=2025
422,MasterDecks,"Kent, Washington","$4,676,917",96,"$4,676,917",Design-Build,18,https://www.qualifiedremodeler.com/firm/masterdecks/?y=2025
423,Sunshine Contracting Corporation,"Woodbridge, Virginia","$4,659,324",369,"$4,659,324",Replacement | Home Improvement,33,https://www.qualifiedremodeler.com/firm/sunshine-contracting/?y=2025
424,Building Company Number Seven,"Nashville, Tennessee","$4,649,397",30,"$5,602,215",Design-Build,12,https://www.qualifiedremodeler.com/firm/building-company-number-7-inc/?y=2025
425,Freyenhagen Construction,"Billings, Montana","$4,636,224",17,"$4,636,224",Design-Build,16,https://www.qualifiedremodeler.com/firm/freyenhagen-construction/?y=2025
426,Four Seasons Design & Remodeling,"Angola, Indiana","$4,634,244",99,"$4,634,244",Design-Build,15,https://www.qualifiedremodeler.com/firm/four-seasons-design-remodeling/?y=2025
427,"EEC Windows, Siding & Roofing","Gladstone, Missouri","$4,622,112",427,"$4,622,112",Replacement | Home Improvement,9,https://www.qualifiedremodeler.com/firm/eec-windows-siding-roofing/?y=2025
428,Stel Builders Inc.,"San Diego, California","$4,591,649",6,"$4,591,649",Design-Build,8,https://www.qualifiedremodeler.com/firm/stel-builders/?y=2025
429,Paramount Siding & Windows Inc.,"Littleton, Colorado","$4,577,801",424,"$4,867,489",Replacement | Home Improvement,4,https://www.qualifiedremodeler.com/firm/paramount-siding-windows-inc/?y=2025
430,Legacy Remodeling Inc.,"Pittsburgh, Pennsylvania","$4,564,029",408,"$4,564,029",Replacement | Home Improvement,19,https://www.qualifiedremodeler.com/firm/legacy-remodeling-inc/?y=2025
431,Olson & Jones Construction Inc.,"Portland, Oregon","$4,539,547",25,"$4,539,547",Full-Service,9,https://www.qualifiedremodeler.com/firm/olson-and-jones-construction-inc/?y=2025
432,Kasper Custom Remodeling,"Dallas, Texas","$4,519,044",11,"$4,519,044",Design-Build,8,https://www.qualifiedremodeler.com/firm/kasper-custom-remodeling/?y=2025
433,Chermak Construction Inc.,"Edmonds, Washington","$4,502,780",116,"$4,803,678",Design-Build,26,https://www.qualifiedremodeler.com/firm/chermak-construction-inc/?y=2025
434,Full Measure LLC dba Sandia Sunrooms and Windows,"Albuquerque, New Mexico","$4,499,862",203,"$4,499,862",Kitchen & Bath Design Remodeling,9,https://www.qualifiedremodeler.com/firm/full-measure-llc-dba-sandia-sunrooms-and-windows/?y=2025
435,Sea Light Design-Build,"Ocean View, Delaware","$4,432,589",7,"$4,432,589",Design-Build,9,https://www.qualifiedremodeler.com/firm/sea-light-design-build/?y=2025
436,Tabor Design Build Inc.,"Rockville, Maryland","$4,369,104",20,"$4,548,454",Design-Build,16,https://www.qualifiedremodeler.com/firm/tabor-design-build-inc/?y=2025
437,Ferguson Builders,"Greenville, South Carolina","$4,337,177",24,"$4,437,978",Design-Build,15,https://www.qualifiedremodeler.com/firm/ferguson-builders/?y=2025
438,Design Tech Construction Inc,"Omaha, Nebraska","$4,262,779",18,"$4,826,895",Design-Build,14,https://www.qualifiedremodeler.com/firm/advance-design-and-construction-inc/?y=2025
439,Michael James Remodeling LLC,"Gainesville, Georgia","$4,261,507",19,"$4,261,507",Design-Build,11,https://www.qualifiedremodeler.com/firm/michael-james-remodeling-llc/?y=2025
440,OAK Design & Construction,"Oak Park, Illinois","$4,259,093",42,"$4,259,093",Design-Build,10,https://www.qualifiedremodeler.com/firm/oak-design-and-construction/?y=2025
441,CMH Builders Inc,"Indianapolis, Indiana","$4,239,634",64,"$4,239,634",Design-Build,16,https://www.qualifiedremodeler.com/firm/cmh-builders-inc/?y=2025
442,Hoffman Contracting LLC,"New Canaan, Connecticut","$4,235,275",17,"$4,235,275",Design-Build,8,https://www.qualifiedremodeler.com/firm/hoffman-contracting-llc/?y=2025
443,Bluestem Remodeling,"Saint Louis Park, Minnesota","$4,217,861",25,"$4,217,861",Design-Build,18,https://www.qualifiedremodeler.com/firm/bluestem-remodeling/?y=2025
444,Get A Grip Inc.,"Albuquerque, New Mexico","$4,202,044","7,640","$4,202,044",Kitchen & Bath Design Remodeling,24,https://www.qualifiedremodeler.com/firm/get-a-grip-resurfacing/?y=2025
445,L.G. Flint General Contractors,"Lynchburg, Virginia","$4,194,226",72,"$15,027,084",Full-Service,41,https://www.qualifiedremodeler.com/firm/lg-flint-inc/?y=2025
446,TaitCo Inc. / Tait Roofing Inc.,"Moorestown, New Jersey","$4,193,897","1,200","$4,249,846",Full-Service,22,https://www.qualifiedremodeler.com/firm/taitco-tait-roofing-inc/?y=2025
447,PDQ Construction Inc.,"Topeka, Kansas","$4,182,898",236,"$4,182,898",Full-Service,33,https://www.qualifiedremodeler.com/firm/pdq-construction-inc/?y=2025
448,Todd Whittaker Drywall Inc,"Phoenix, Arizona","$4,155,904",530,"$4,155,904",Full-Service,33,https://www.qualifiedremodeler.com/firm/todd-whittaker-drywall-inc/?y=2025
449,Bella Brothers Construction Inc.,"Bensalem, Pennsylvania","$4,094,485",34,"$4,094,485",Full-Service,13,https://www.qualifiedremodeler.com/firm/bella-brothers-construction-llc/?y=2025
450,A C Ernst Building Corporation Inc.,"Oviedo, Florida","$4,012,767",400,"$4,012,676",Full-Service,10,https://www.qualifiedremodeler.com/firm/a-c-ernst-building-corporation-inc/?y=2025
451,Stephen C. Gidley Inc.,"Fairfield, Connecticut","$3,937,456",80,"$3,937,456",Full-Service,2,https://www.qualifiedremodeler.com/firm/stephen-c-gidley-inc/?y=2025
452,Excel Remodeling,"Lemoyne, Pennsylvania","$3,924,392",69,"$3,924,392",Kitchen & Bath Design Remodeling,15,https://www.qualifiedremodeler.com/firm/excel-interior-concepts-and-construction/?y=2025
453,RFMC Inc.,"Fresno, California","$3,898,166",245,"$3,923,166",Full-Service,19,https://www.qualifiedremodeler.com/firm/rfmc-inc-the-patio-kings/?y=2025
454,MODE Renovation LLC,"Corona, California","$3,880,715",254,"$3,880,715",Replacement | Home Improvement,20,https://www.qualifiedremodeler.com/firm/mode-renovation-llc/?y=2025
455,Coradi Contracting LLC,"Virginia Beach, Virginia","$3,877,847",104,"$3,877,847",Kitchen & Bath Design Remodeling,23,https://www.qualifiedremodeler.com/firm/coradi-contracting-llc/?y=2025
456,WinView USA,"Newcastle, Oklahoma","$3,863,446",268,"$3,863,446",Replacement | Home Improvement,19,https://www.qualifiedremodeler.com/firm/winview-usa/?y=2025
457,SMR HomePros,"Toledo, Ohio","$3,852,295",177,"$3,884,874",Replacement | Home Improvement,12,https://www.qualifiedremodeler.com/firm/smr-homepros/?y=2025
458,Pittsburgh's Best Remodeling Inc.,"Monroeville, Pennsylvania","$3,830,338",47,"$3,830,338",Kitchen & Bath Design Remodeling,19,https://www.qualifiedremodeler.com/firm/pittsburghs-best-remodeling-inc/?y=2025
459,Vesta Home Services,"River Grove, Illinois","$3,829,148",140,"$3,829,148",Insurance Restoration,6,https://www.qualifiedremodeler.com/firm/vesta-home-services/?y=2025
460,Element Design Build Remodel,"Hudson, Ohio","$3,756,428",29,"$3,756,428",Kitchen & Bath Design Remodeling,14,https://www.qualifiedremodeler.com/firm/element-design-build-remodel/?y=2025
461,Home Upgrade Specialist Inc.,"Los Angeles, California","$3,753,667",260,"$4,231,481",Replacement | Home Improvement,10,https://www.qualifiedremodeler.com/firm/home-upgrade-specialist/?y=2025
462,"Tri City Remodeling, Inc. & Nowak Cabinets of Midland, Inc.","Midland, Michigan","$3,753,661",340,"$3,753,661",Full-Service,31,https://www.qualifiedremodeler.com/firm/tri-city-remodeling-inc-and-nowak-cabinets-of-midland-inc/?y=2025
463,Thomas Custom Builders Inc.,"Manassas, Virginia","$3,736,623",27,"$3,736,623",Design-Build,18,https://www.qualifiedremodeler.com/firm/thomas-custom-builders/?y=2025
464,American Dream Home Remodeling,"Charlotte, North Carolina","$3,722,637",329,"$3,722,637",Replacement | Home Improvement,25,https://www.qualifiedremodeler.com/firm/american-dream-home-remodeling/?y=2025
465,Estate Renovations,"Lexington, Kentucky","$3,717,908",87,"$3,717,908",Design-Build,9,https://www.qualifiedremodeler.com/firm/estate-renovations/?y=2025
466,BH Design & Build,"Mohnton, Pennsylvania","$3,688,342",10,"$3,778,315",Design-Build,13,https://www.qualifiedremodeler.com/firm/bh-design-build/?y=2025
467,RSU Contractors,"Murfreesboro, Tennessee","$3,680,046",49,"$3,680,046",Full-Service,16,https://www.qualifiedremodeler.com/firm/rsu-contractors/?y=2025
468,The Kingston Group,"Nashville, Tennessee","$3,678,364",16,"$9,660,360",Design-Build,17,https://www.qualifiedremodeler.com/firm/the-kingston-group/?y=2025
469,Sam Pitzulo Homes & Remodeling,"Canfield, Ohio","$3,653,871",31,"$4,900,588",Full-Service,15,https://www.qualifiedremodeler.com/firm/sam-pitzulo-homes-remodeling/?y=2025
470,Maverick Contracting LLC,"Essex, Maryland","$3,629,783",267,"$3,629,783",Replacement | Home Improvement,5,https://www.qualifiedremodeler.com/firm/maverick-contracting-llc/?y=2025
471,Elite Remodeling,"Frisco, Texas","$3,577,794",42,"$3,577,794",Kitchen & Bath Design Remodeling,10,https://www.qualifiedremodeler.com/firm/elite-remodeling/?y=2025
472,All Seasons Construction,"Wichita, Kansas","$3,572,124",175,"$3,572,124",Replacement | Home Improvement,18,https://www.qualifiedremodeler.com/firm/all-seasons-construction/?y=2025
473,Duncan's Bath & Kitchen Center,"Poland, Ohio","$3,571,187",119,"$3,891,042",Full-Service,18,https://www.qualifiedremodeler.com/firm/duncans-bath-and-kitchen-center/?y=2025
474,Kitchen and Bath etc.,"Chagrin Falls, Ohio","$3,557,918",96,"$3,557,918",Full-Service,8,https://www.qualifiedremodeler.com/firm/kitchen-and-bath-etc/?y=2025
475,McRoof.us,"Edmond, Oklahoma","$3,495,023",162,"$3,495,023",Insurance Restoration,11,https://www.qualifiedremodeler.com/firm/mcroofus/?y=2025
476,Design 1 Kitchen & Bath,"Bedford, Massachusetts","$3,472,443",107,"$3,472,443",Design-Build,9,https://www.qualifiedremodeler.com/firm/design-1-kitchen-and-bath/?y=2025
477,The Experts In Room Additions & Remodeling Inc.,"Clearwter, Florida","$3,447,353",325,"$3,447,353",Full-Service,12,https://www.qualifiedremodeler.com/firm/the-experts-in-room-additions-and-remodeling-inc/?y=2025
478,"Van Cleave Construction, Remodeling, & Design","St Joseph, Missouri","$3,439,286",66,"$3,439,286",Design-Build,20,https://www.qualifiedremodeler.com/firm/van-cleave-construction-remodeling-and-design/?y=2025
479,Platinum Remodeling and Handyman Services,"Golden Valley, Minnesota","$3,416,078",149,"$3,416,078",Full-Service,15,https://www.qualifiedremodeler.com/firm/platinum-remodeling-and-handyman-services/?y=2025
480,Heidbreder Building Group LLC,"Libertyville, Illinois","$3,408,788",44,"$3,408,788",Full-Service,10,https://www.qualifiedremodeler.com/firm/heidbreder-building-group-llc/?y=2025
481,Merrick Design & Build,"Kensington, Maryland","$3,367,596",80,"$4,522,763",Full-Service,15,https://www.qualifiedremodeler.com/firm/merrick-design-and-build-inc/?y=2025
482,ALC Design,"Londonderry, New Hampshire","$3,359,310",16,"$3,359,310",Design-Build,11,https://www.qualifiedremodeler.com/firm/alc-design/?y=2025
483,Heartland Design & Remodeling,"Manassas, Virginia","$3,347,428",23,"$8,653,962",Design-Build,13,https://www.qualifiedremodeler.com/firm/heartland-design-and-remodeling/?y=2025
484,JM Construction Inc.,"Framingham, Massachusetts","$3,309,778",42,"$3,309,778",Kitchen & Bath Design Remodeling,13,https://www.qualifiedremodeler.com/firm/jm-construction-inc/?y=2025
485,The Remodeling Company,"Beverly, Massachusetts","$3,279,892",104,"$3,279,892",Full-Service,13,https://www.qualifiedremodeler.com/firm/the-remodeling-company/?y=2025
486,Distinctive Remodeling Solutions,"Roswell, Georgia","$3,253,641",11,"$3,253,641",Design-Build,4,https://www.qualifiedremodeler.com/firm/distinctive-remodeling-solutions-inc/?y=2025
487,Jabs Construction Inc.,"Dumfries, Virginia","$3,233,833",215,"$3,233,833",Full-Service,18,https://www.qualifiedremodeler.com/firm/jabs-construction-inc-2/?y=2025
488,Maughan Design and Remodel,"Beaverton, Oregon","$3,221,142",25,"$3,221,142",Design-Build,26,https://www.qualifiedremodeler.com/firm/maughan-design-remodel/?y=2025
489,"Building Lab, Inc.","Oakland, California","$3,203,000",2,"$3,203,000",Design-Build,7,https://www.qualifiedremodeler.com/firm/building-lab-inc/?y=2025
490,ResCom Railing,"Kent, Washington","$3,202,410",132,"$3,202,410",Design-Build,15.5,https://www.qualifiedremodeler.com/firm/rescom-railing/?y=2025
491,GJK Building & Remodeling LLC,"Charlotte, North Carolina","$3,174,799",25,"$3,196,205",Design-Build,10,https://www.qualifiedremodeler.com/firm/gjk-building-remodeling-llc/?y=2025
492,Bowles construction Inc.,"Augusta, Georgia","$3,173,928",120,"$3,173,928",Insurance Restoration,20,https://www.qualifiedremodeler.com/firm/bowles-construction-inc/?y=2025
493,Huseby Homes LLC,"Nashville, Tennessee","$3,170,056",20,"$9,487,523",Full-Service,17,https://www.qualifiedremodeler.com/firm/huseby-homes-llc/?y=2025
494,Buckminster Green,"Philadelphia, Pennsylvania","$3,125,003",10,"$3,125,003",Design-Build,11,https://www.qualifiedremodeler.com/firm/buckminster-green/?y=2025
495,A. Caspersen Co. Inc.,"Stow, Ohio","$3,117,851",450,"$3,117,851",Replacement | Home Improvement,6,https://www.qualifiedremodeler.com/firm/a-caspersen-co-inc/?y=2025
496,Trace Ventures,"Nashville, Tennessee","$3,074,544",21,"$4,445,194",Full-Service,13,https://www.qualifiedremodeler.com/firm/trace-ventures/?y=2025
497,Tri Best Specialties,"Southlake, Texas","$3,064,231",20,"$3,064,231",Full-Service,13,https://www.qualifiedremodeler.com/firm/tri-best-specialties/?y=2025
498,Tri-Cities Remodeling Co.,"Gray, Tennessee","$3,001,311",63,"$3,001,311",Full-Service,26,https://www.qualifiedremodeler.com/firm/tri-cities-remodeling-co/?y=2025
499,Brookside Brothers Inc.,"Lititz, Pennsylvania","$3,000,536",80,"$3,076,673",Design-Build,10,https://www.qualifiedremodeler.com/firm/brookside-brothers-inc/?y=2025
500,MVP Leaders Inc. (dba MVP Builders),"Woodland Hills, California","$2,918,684",19,"$4,768,684",Design-Build,5,https://www.qualifiedremodeler.com/firm/mvp-leaders-inc-dba-mvp-builders/?y=2025